texto,label,confianza,decision_src,keywords_match,label_lexico,label_numerico,producto,marca,categoria,fuente,precio_usd,descuento,fecha,sku,url,source_file,label_id
"Procesador Intel Core i3-14100 4-Cores, 4.7 GHz, LGA1700 | marca: Intel | categoria: CPU | fuente: coolbox_pe | precio: 186.4 USD",EN_RIESGO,1.0,lexical,"i3-14, lga1700",EN_RIESGO,DESCONOCIDO,"Procesador Intel Core i3-14100 4-Cores, 4.7 GHz, LGA1700",Intel,CPU,coolbox_pe,186.4,0.0,2026-07-17 03:13:00,10048086,https://www.coolbox.pe/procesador-intel-core-i3-14100-4-cores-lga1700-cpili314100/p,precios_20260717_0313.csv,1
"Procesador AMD Ryzen 5 7600X 6 cores, 5.3Ghz, AM5 | marca: amd | categoria: CPU | fuente: coolbox_pe | precio: 279.73 USD",EN_RIESGO,0.5,lexical,ryzen 5 7600,EN_RIESGO,DESCONOCIDO,"Procesador AMD Ryzen 5 7600X 6 cores, 5.3Ghz, AM5",amd,CPU,coolbox_pe,279.73,0.0,2026-07-17 03:13:00,10047106,https://www.coolbox.pe/procesador-amd-ryzen-5-7600x-6-cores-cpam5r57600x/p,precios_20260717_0313.csv,1
"Procesador AMD Ryzen 5 5600G, 3.9Ghz, 6 cores, AM4 | marca: amd | categoria: CPU | fuente: coolbox_pe | precio: 239.73 USD",OBSOLETO,1.0,lexical,"ryzen 5 5600g, am4",OBSOLETO,DESCONOCIDO,"Procesador AMD Ryzen 5 5600G, 3.9Ghz, 6 cores, AM4",amd,CPU,coolbox_pe,239.73,0.0,2026-07-17 03:13:00,11439,https://www.coolbox.pe/procesador-amd-ryzen-5-5600g-cpam4r55600g/p,precios_20260717_0313.csv,2
"Procesador Intel Core Ultra 7 265KF, 5.5GHZ, 12+8 CORES, LGA1851 | marca: Intel | categoria: CPU | fuente: coolbox_pe | precio: 426.4 USD",VIGENTE,1.0,lexical,"core ultra, lga1851, ultra 7",VIGENTE,DESCONOCIDO,"Procesador Intel Core Ultra 7 265KF, 5.5GHZ, 12+8 CORES, LGA1851",Intel,CPU,coolbox_pe,426.4,0.0,2026-07-17 03:13:00,10057314,https://www.coolbox.pe/procesador-intel-core-ultra-7-265kf-cpilu7265kf/p,precios_20260717_0313.csv,0
"Procesador Intel Core i5-13400F, 2.5GHZ, 6+4 cores, LGA1700 | marca: Intel | categoria: CPU | fuente: coolbox_pe | precio: 253.07 USD",EN_RIESGO,1.0,lexical,"i5-13, lga1700",EN_RIESGO,DESCONOCIDO,"Procesador Intel Core i5-13400F, 2.5GHZ, 6+4 cores, LGA1700",Intel,CPU,coolbox_pe,253.07,0.0,2026-07-17 03:13:00,22041,https://www.coolbox.pe/procesador-intel-core-i5-13400f-cpili513400f/p,precios_20260717_0313.csv,1
"Procesador AMD Ryzen 5 8600G (IA), 5Ghz, 6 cores, AM5,  65W | marca: amd | categoria: CPU | fuente: coolbox_pe | precio: 306.4 USD",EN_RIESGO,0.5,lexical,ryzen 5 8600,EN_RIESGO,DESCONOCIDO,"Procesador AMD Ryzen 5 8600G (IA), 5Ghz, 6 cores, AM5,  65W",amd,CPU,coolbox_pe,306.4,0.0,2026-07-17 03:13:00,10044548,https://www.coolbox.pe/procesador-amd-ryzen5-8600g-ia-5ghz-6cores-cpam5r58600g/p,precios_20260717_0313.csv,1
"Procesador AMD ATHLON 3000G 3.5Ghz, 2 CORES, AM4 | marca: amd | categoria: CPU | fuente: coolbox_pe | precio: 58.4 USD",OBSOLETO,1.0,lexical,am4,OBSOLETO,DESCONOCIDO,"Procesador AMD ATHLON 3000G 3.5Ghz, 2 CORES, AM4",amd,CPU,coolbox_pe,58.4,0.0,2026-07-17 03:13:00,10043282,https://www.coolbox.pe/procesador-amd-athlon-3000g-cpam4nat3000g/p,precios_20260717_0313.csv,2
"Procesador Intel Core i5-14400 6+4-Cores, 4.7 GHz, LGA1700 | marca: Intel | categoria: CPU | fuente: coolbox_pe | precio: 306.4 USD",EN_RIESGO,1.0,lexical,"i5-14, lga1700",EN_RIESGO,DESCONOCIDO,"Procesador Intel Core i5-14400 6+4-Cores, 4.7 GHz, LGA1700",Intel,CPU,coolbox_pe,306.4,0.0,2026-07-17 03:13:00,10048087,https://www.coolbox.pe/procesador-intel-core-i5-14400-6-4-cores-lga1700-cpili514400/p,precios_20260717_0313.csv,1
"Procesador Intel Core i3-13100F, 4.5Ghz, 4+4 cores, LGA1700 | marca: Intel | categoria: CPU | fuente: coolbox_pe | precio: 146.4 USD | descuento: 1540%",EN_RIESGO,0.96,consensus,"i3-13, lga1700",EN_RIESGO,EN_RIESGO,"Procesador Intel Core i3-13100F, 4.5Ghz, 4+4 cores, LGA1700",Intel,CPU,coolbox_pe,146.4,15.4,2026-07-17 03:13:00,22034,https://www.coolbox.pe/procesador-intel-core-i3-13100f-cpili313100f/p,precios_20260717_0313.csv,1
"Procesador Intel Core Ultra 5 225F, 4.9GHZ, 4+6 CORES, LGA1851 | marca: Intel | categoria: CPU | fuente: coolbox_pe | precio: 306.4 USD",VIGENTE,1.0,lexical,"core ultra, lga1851, ultra 5",VIGENTE,DESCONOCIDO,"Procesador Intel Core Ultra 5 225F, 4.9GHZ, 4+6 CORES, LGA1851",Intel,CPU,coolbox_pe,306.4,0.0,2026-07-17 03:13:00,10057313,https://www.coolbox.pe/procesador-intel-core-ultra-5-225f-cpilu5225f/p,precios_20260717_0313.csv,0
"Tarjeta de video Asus Dual NVIDIA GeForce RTX 5050, 8GB GDDR6, PCI Express 5.0 | marca: Asus | categoria: GPU | fuente: coolbox_pe | precio: 426.4 USD",VIGENTE,0.4,default,,DESCONOCIDO,DESCONOCIDO,"Tarjeta de video Asus Dual NVIDIA GeForce RTX 5050, 8GB GDDR6, PCI Express 5.0",Asus,GPU,coolbox_pe,426.4,0.0,2026-07-17 03:13:00,10067840,https://www.coolbox.pe/tarjeta-video-asus-dual-rtx-5050-8gb-gddr6-pcie-5-0-dual-rtx5050o8g/p,precios_20260717_0313.csv,0
"Tarjeta de video Asus Dual NVIDIA GeForce RTX 5060, 8GB GDDR7, PCI Express 5.0 | marca: Asus | categoria: GPU | fuente: coolbox_pe | precio: 495.73 USD",VIGENTE,1.0,lexical,rtx 5060,VIGENTE,DESCONOCIDO,"Tarjeta de video Asus Dual NVIDIA GeForce RTX 5060, 8GB GDDR7, PCI Express 5.0",Asus,GPU,coolbox_pe,495.73,0.0,2026-07-17 03:13:00,10067839,https://www.coolbox.pe/tarjeta-video-asus-dual-rtx-5060-8gb-gddr7-pcie-5-0-dual-rtx5060o8g/p,precios_20260717_0313.csv,0
Memoria RAM TeamGroup Elite SODIMM 16GB DDR4 3200Mhz CL22 1.2v | marca: Teamgroup | categoria: RAM | fuente: coolbox_pe | precio: 106.4 USD,OBSOLETO,1.0,lexical,ddr4,OBSOLETO,DESCONOCIDO,Memoria RAM TeamGroup Elite SODIMM 16GB DDR4 3200Mhz CL22 1.2v,Teamgroup,RAM,coolbox_pe,106.4,0.0,2026-07-17 03:13:00,10066164,https://www.coolbox.pe/memoria-ram-teamgroup-elite-sodimm-16gb-ddr4-me16gtg3200c22s/p,precios_20260717_0313.csv,2
Memoria Ram para Laptop Kingston KCP 16GB DDR4 3200Mhz SODIMM | marca: Kingston | categoria: RAM | fuente: coolbox_pe | precio: 141.07 USD,OBSOLETO,1.0,lexical,ddr4,OBSOLETO,DESCONOCIDO,Memoria Ram para Laptop Kingston KCP 16GB DDR4 3200Mhz SODIMM,Kingston,RAM,coolbox_pe,141.07,0.0,2026-07-17 03:13:00,10048431,https://www.coolbox.pe/memoria-ram-para-laptop-kingston-kcp-16gb-ddr4-me16kcp432ss816/p,precios_20260717_0313.csv,2
"Memoria RAM Kingston Fury Beast 8GB (1x8GB), DDR4, 3200Mhz, CL14 | marca: Kingston | categoria: RAM | fuente: coolbox_pe | precio: 98.4 USD",OBSOLETO,1.0,lexical,ddr4,OBSOLETO,DESCONOCIDO,"Memoria RAM Kingston Fury Beast 8GB (1x8GB), DDR4, 3200Mhz, CL14",Kingston,RAM,coolbox_pe,98.4,0.0,2026-07-17 03:13:00,12209,https://www.coolbox.pe/memoria-ram-kingston-fury-beast-8gb-me8gkf432c16bb8/p,precios_20260717_0313.csv,2
"Memoria ram Kingston Fury Beast 16GB (1x16GB), DDR4, 3200Mhz, CL16 | marca: Kingston | categoria: RAM | fuente: coolbox_pe | precio: 186.4 USD",OBSOLETO,1.0,lexical,ddr4,OBSOLETO,DESCONOCIDO,"Memoria ram Kingston Fury Beast 16GB (1x16GB), DDR4, 3200Mhz, CL16",Kingston,RAM,coolbox_pe,186.4,0.0,2026-07-17 03:13:00,12208,https://www.coolbox.pe/memoria-ram-kingston-fury-beast-16gb-me16gkf432c16bf/p,precios_20260717_0313.csv,2
Memoria RAM TeamGroup T-Force Vulcan Z 8GB DDR4 3200Mhz CL16 1.35v | marca: Teamgroup | categoria: RAM | fuente: coolbox_pe | precio: 98.4 USD,OBSOLETO,1.0,lexical,ddr4,OBSOLETO,DESCONOCIDO,Memoria RAM TeamGroup T-Force Vulcan Z 8GB DDR4 3200Mhz CL16 1.35v,Teamgroup,RAM,coolbox_pe,98.4,0.0,2026-07-17 03:13:00,10066165,https://www.coolbox.pe/memoria-ram-teamgroup-t-force-vulcan-8gb-ddr4-me8gtfgd48g3200/p,precios_20260717_0313.csv,2
"Memoria ram para laptop Kingston KCP 8GB DDR4, 3200Mhz | marca: Kingston | categoria: RAM | fuente: coolbox_pe | precio: 79.73 USD",OBSOLETO,1.0,lexical,ddr4,OBSOLETO,DESCONOCIDO,"Memoria ram para laptop Kingston KCP 8GB DDR4, 3200Mhz",Kingston,RAM,coolbox_pe,79.73,0.0,2026-07-17 03:13:00,24382,https://www.coolbox.pe/memoria-ram-laptop-kingston-kcp-8gb-ddr4-me8gkcp432ss68/p,precios_20260717_0313.csv,2
"Memoria RAM Kingston KVR 8GB, DDR4, 3200MT/s, CL22, SODIMM | marca: Kingston | categoria: RAM | fuente: coolbox_pe | precio: 98.4 USD",OBSOLETO,1.0,lexical,ddr4,OBSOLETO,DESCONOCIDO,"Memoria RAM Kingston KVR 8GB, DDR4, 3200MT/s, CL22, SODIMM",Kingston,RAM,coolbox_pe,98.4,0.0,2026-07-17 03:13:00,10066291,https://www.coolbox.pe/memoria-ram-kingston-kvr-8gb-ddr4-sodimm-me8gkvr32s22swp/p,precios_20260717_0313.csv,2
"Unidad de estado sólido SSD Kingston SSD A400 960GB de capacidad, 2.5"", SATA3 | marca: Kingston | categoria: SSD | fuente: coolbox_pe | precio: 125.07 USD",VIGENTE,0.4,default,,DESCONOCIDO,DESCONOCIDO,"Unidad de estado sólido SSD Kingston SSD A400 960GB de capacidad, 2.5"", SATA3",Kingston,SSD,coolbox_pe,125.07,0.0,2026-07-17 03:13:00,4985,https://www.coolbox.pe/disco-interno-solido-kingston-a400-960gb-sa400s37960gb/p,precios_20260717_0313.csv,0
Unidad de estado sólido SSD Kingston NV3 1000GB M.2 PCIE4.0 NVME | marca: Kingston | categoria: SSD | fuente: coolbox_pe | precio: 175.73 USD,VIGENTE,0.4,default,,DESCONOCIDO,DESCONOCIDO,Unidad de estado sólido SSD Kingston NV3 1000GB M.2 PCIE4.0 NVME,Kingston,SSD,coolbox_pe,175.73,0.0,2026-07-17 03:13:00,10051503,https://www.coolbox.pe/ssd-kingston-nv3-1000gb-m-2-pcie4-0-nvme-snv3s1000g/p,precios_20260717_0313.csv,0
"Unidad de estado sólido SSD Kingston A400 240GB de capacidad, 2.5"", SATA3 | marca: Kingston | categoria: SSD | fuente: coolbox_pe | precio: 74.4 USD",VIGENTE,0.4,default,,DESCONOCIDO,DESCONOCIDO,"Unidad de estado sólido SSD Kingston A400 240GB de capacidad, 2.5"", SATA3",Kingston,SSD,coolbox_pe,74.4,0.0,2026-07-17 03:13:00,4338,https://www.coolbox.pe/disco-interno-de-estado-solido-kingston-ssd-a400-240gb-sa400s37240g/p,precios_20260717_0313.csv,0
Unidad de estado sólido SSD Kingston NV3 2000GB M.2 PCIE4.0 NVME | marca: Kingston | categoria: SSD | fuente: coolbox_pe | precio: 266.4 USD,VIGENTE,0.4,default,,DESCONOCIDO,DESCONOCIDO,Unidad de estado sólido SSD Kingston NV3 2000GB M.2 PCIE4.0 NVME,Kingston,SSD,coolbox_pe,266.4,0.0,2026-07-17 03:13:00,10051504,https://www.coolbox.pe/ssd-kingston-nv3-2000gb-m-2-pcie4-0-nvme-snv3s2000g/p,precios_20260717_0313.csv,0
"Unidad de estado sólido SSD Kingston Ssd A400 480GB de capacidad , 2.5"", SATA3 | marca: Kingston | categoria: SSD | fuente: coolbox_pe | precio: 117.07 USD",VIGENTE,0.4,default,,DESCONOCIDO,DESCONOCIDO,"Unidad de estado sólido SSD Kingston Ssd A400 480GB de capacidad , 2.5"", SATA3",Kingston,SSD,coolbox_pe,117.07,0.0,2026-07-17 03:13:00,4339,https://www.coolbox.pe/disco-interno-de-estado-solido-kingston-ssd-a400-480gb-sa400s37480g/p,precios_20260717_0313.csv,0
Unidad de estado sólido SSD Kingston NV3 500GB M.2 PCIE4.0 NVME | marca: Kingston | categoria: SSD | fuente: coolbox_pe | precio: 149.07 USD,VIGENTE,0.4,default,,DESCONOCIDO,DESCONOCIDO,Unidad de estado sólido SSD Kingston NV3 500GB M.2 PCIE4.0 NVME,Kingston,SSD,coolbox_pe,149.07,0.0,2026-07-17 03:13:00,10051505,https://www.coolbox.pe/ssd-kingston-nv3-500gb-m-2-pcie4-0-nvme-snv3s500g/p,precios_20260717_0313.csv,0
Unidad de estado sólido SSD Kingston Fury Renegade G5 1TB M.2 PCIE5 NVME 2280 | marca: Kingston | categoria: SSD | fuente: coolbox_pe | precio: 293.07 USD,VIGENTE,0.4,default,,DESCONOCIDO,DESCONOCIDO,Unidad de estado sólido SSD Kingston Fury Renegade G5 1TB M.2 PCIE5 NVME 2280,Kingston,SSD,coolbox_pe,293.07,0.0,2026-07-17 03:13:00,10057981,https://www.coolbox.pe/ssd-kingston-fury-renegade-g5-1tb-m-2-pcie5-nvme-2280-sfyr2s1t0/p,precios_20260717_0313.csv,0
"Placa madre MSI PRO B650M-P, socket AM5, DDR5 hasta 192GB, factor micro-ATX, 2x M.2 PCIe 4.0, LAN 2.5G, HDMI y DisplayPort | marca: Msi | categoria: MOTHERBOARD | fuente: coolbox_pe | precio: 133.07 USD",VIGENTE,1.0,lexical,"am5, ddr5",VIGENTE,DESCONOCIDO,"Placa madre MSI PRO B650M-P, socket AM5, DDR5 hasta 192GB, factor micro-ATX, 2x M.2 PCIe 4.0, LAN 2.5G, HDMI y DisplayPort",Msi,MOTHERBOARD,coolbox_pe,133.07,0.0,2026-07-17 03:13:00,10048103,https://www.coolbox.pe/placa-madre-msi-pro-b650m-p-am5-ddr5-matx-mbmsb650m-p/p,precios_20260717_0313.csv,0
"Placa madre Asrock A520M-HDV AM4, DDR4 MATX | marca: Asrock | categoria: MOTHERBOARD | fuente: coolbox_pe | precio: 63.73 USD",OBSOLETO,1.0,lexical,"am4, ddr4",OBSOLETO,DESCONOCIDO,"Placa madre Asrock A520M-HDV AM4, DDR4 MATX",Asrock,MOTHERBOARD,coolbox_pe,63.73,0.0,2026-07-17 03:13:00,10047116,https://www.coolbox.pe/placa-madre-asrock-a520m-5014675/p,precios_20260717_0313.csv,2
"Placa Madre MSI PRO A620M-E Socket AM5, DDR5, Micro-ATX, PCIe 4.0, RAID SATA, Ranura M.2, HDMI 2.1, LAN Realtek | marca: Msi | categoria: MOTHERBOARD | fuente: coolbox_pe | precio: 106.4 USD",VIGENTE,1.0,lexical,"am5, ddr5",VIGENTE,DESCONOCIDO,"Placa Madre MSI PRO A620M-E Socket AM5, DDR5, Micro-ATX, PCIe 4.0, RAID SATA, Ranura M.2, HDMI 2.1, LAN Realtek",Msi,MOTHERBOARD,coolbox_pe,106.4,0.0,2026-07-17 03:13:00,10048420,https://www.coolbox.pe/placa-madre-msi-a620m-e-ddr5-matx-am5-mbmsa620m-epro/p,precios_20260717_0313.csv,0
"Placa madre Asrock Prime B860M-A LGA1851, DDR5, MATX | marca: Asrock | categoria: MOTHERBOARD | fuente: coolbox_pe | precio: 186.4 USD",VIGENTE,1.0,lexical,"lga1851, ddr5",VIGENTE,DESCONOCIDO,"Placa madre Asrock Prime B860M-A LGA1851, DDR5, MATX",Asrock,MOTHERBOARD,coolbox_pe,186.4,0.0,2026-07-17 03:13:00,10057318,https://www.coolbox.pe/placa-madre-asrock-b860m-a-lga1851-ddr5-matx-mbasb860m-a/p,precios_20260717_0313.csv,0
"Placa madre Gigabyte B550M-K AM4, DDR4 (reempacado) | marca: Gigabyte | categoria: MOTHERBOARD | fuente: coolbox_pe | precio: 89.79 USD | descuento: 2500%",OBSOLETO,1.0,lexical_wins,"am4, ddr4",OBSOLETO,EN_RIESGO,"Placa madre Gigabyte B550M-K AM4, DDR4 (reempacado)",Gigabyte,MOTHERBOARD,coolbox_pe,89.79,25.0,2026-07-17 03:13:00,10067162,https://www.coolbox.pe/reempacado-placa-madre-gigabyte-b550m-k-am4-ddr4-ree-mbgbb550mk/p,precios_20260717_0313.csv,2
"Placa madre Asrock Z890 PRO-A LGA1851, DDR5, ATX | marca: Asrock | categoria: MOTHERBOARD | fuente: coolbox_pe | precio: 266.4 USD",VIGENTE,1.0,lexical,"lga1851, ddr5",VIGENTE,DESCONOCIDO,"Placa madre Asrock Z890 PRO-A LGA1851, DDR5, ATX",Asrock,MOTHERBOARD,coolbox_pe,266.4,0.0,2026-07-17 03:13:00,10057317,https://www.coolbox.pe/placa-madre-asrock-z890-pro-a-lga1851-ddr5-atx-mbarz890p/p,precios_20260717_0313.csv,0
"Placa madre Asrock H610M-HDV/M.2 R2.0, DDR4, M.2, LGA1700 (reempacado) | marca: Asrock | categoria: MOTHERBOARD | fuente: coolbox_pe | precio: 85.79 USD | descuento: 2500%",EN_RIESGO,0.72,numeric_wins,ddr4,OBSOLETO,EN_RIESGO,"Placa madre Asrock H610M-HDV/M.2 R2.0, DDR4, M.2, LGA1700 (reempacado)",Asrock,MOTHERBOARD,coolbox_pe,85.79,25.0,2026-07-17 03:13:00,10061042,https://www.coolbox.pe/placa-madre-asrock-h610m-ree-90mxbh60a0u/p,precios_20260717_0313.csv,1
"Placa madre Advance MoDT ITX con Procesador (incorporado) Intel Core i5-13420H,  Wi-Fi HDMIx2/DP/VGA | marca: Advance | categoria: MOTHERBOARD | fuente: coolbox_pe | precio: 314.4 USD",EN_RIESGO,1.0,lexical,i5-13,EN_RIESGO,DESCONOCIDO,"Placa madre Advance MoDT ITX con Procesador (incorporado) Intel Core i5-13420H,  Wi-Fi HDMIx2/DP/VGA",Advance,MOTHERBOARD,coolbox_pe,314.4,0.0,2026-07-17 03:13:00,10054480,https://www.coolbox.pe/placa-madre-advance-modt-itx-con-procesador-incorporado-intel-core-i5-mbadvi513420h/p,precios_20260717_0313.csv,1
"Placa madre Asrock H610M-HDV/M.2 R2.0, DDR4, M.2, LGA1700 | marca: Asrock | categoria: MOTHERBOARD | fuente: coolbox_pe | precio: 114.4 USD",OBSOLETO,0.5,lexical,ddr4,OBSOLETO,DESCONOCIDO,"Placa madre Asrock H610M-HDV/M.2 R2.0, DDR4, M.2, LGA1700",Asrock,MOTHERBOARD,coolbox_pe,114.4,0.0,2026-07-17 03:13:00,21224,https://www.coolbox.pe/placa-madre-asrock-h610m-90mxbh60a0uayz/p,precios_20260717_0313.csv,2
"Placa madre Advance MoDT ITX con Procesador (incorporado) Intel Core i7-13620H, Wi-Fi HDMIx2/DP/VGA | marca: Advance | categoria: MOTHERBOARD | fuente: coolbox_pe | precio: 359.73 USD",EN_RIESGO,1.0,lexical,i7-13,EN_RIESGO,DESCONOCIDO,"Placa madre Advance MoDT ITX con Procesador (incorporado) Intel Core i7-13620H, Wi-Fi HDMIx2/DP/VGA",Advance,MOTHERBOARD,coolbox_pe,359.73,0.0,2026-07-17 03:13:00,10054481,https://www.coolbox.pe/placa-madre-advance-modt-itx-con-procesador-incorporado-intel-core-i7-mbadvi713620h/p,precios_20260717_0313.csv,1
"Fuente de poder Teros TE-7160 600W, 80 Plus Bronze | marca: Teros | categoria: PSU | fuente: coolbox_pe | precio: 47.73 USD",VIGENTE,0.4,default,,DESCONOCIDO,DESCONOCIDO,"Fuente de poder Teros TE-7160 600W, 80 Plus Bronze",Teros,PSU,coolbox_pe,47.73,0.0,2026-07-17 03:13:00,10042120,https://www.coolbox.pe/fuente-de-poder-teros-te-7160-600w-te71600w/p,precios_20260717_0313.csv,0
"Fuente de poder Teros TE-7175W 750W, 80 Plus Gold, F. modular | marca: Teros | categoria: PSU | fuente: coolbox_pe | precio: 74.4 USD",VIGENTE,0.4,default,,DESCONOCIDO,DESCONOCIDO,"Fuente de poder Teros TE-7175W 750W, 80 Plus Gold, F. modular",Teros,PSU,coolbox_pe,74.4,0.0,2026-07-17 03:13:00,10042119,https://www.coolbox.pe/fuente-de-poder-teros-te-7175w-750w-te7175w-gold/p,precios_20260717_0313.csv,0
"Fuente de poder Antryx Kirin 850 GOLD, 850W, 80 Plus Gold, modular | marca: Antryx | categoria: PSU | fuente: coolbox_pe | precio: 146.4 USD",VIGENTE,0.4,default,,DESCONOCIDO,DESCONOCIDO,"Fuente de poder Antryx Kirin 850 GOLD, 850W, 80 Plus Gold, modular",Antryx,PSU,coolbox_pe,146.4,0.0,2026-07-17 03:13:00,11746,https://www.coolbox.pe/fuente-poder-antryx-kirin-850-gold-850w-000708-gi/p,precios_20260717_0313.csv,0
"Fuente de poder Seasonic A12, 600W, 80 Plus, blanco | marca: Seasonic | categoria: PSU | fuente: coolbox_pe | precio: 85.07 USD",VIGENTE,0.4,default,,DESCONOCIDO,DESCONOCIDO,"Fuente de poder Seasonic A12, 600W, 80 Plus, blanco",Seasonic,PSU,coolbox_pe,85.07,0.0,2026-07-17 03:13:00,11750,https://www.coolbox.pe/fuente-poder-seasonic-a12-600w-000610-gi/p,precios_20260717_0313.csv,0
Fuente de poder Seasonic Vertex GX-1200W 80Plus Gold Modular PCIE5.0 | marca: Seasonic | categoria: PSU | fuente: coolbox_pe | precio: 373.07 USD,VIGENTE,0.4,default,,DESCONOCIDO,DESCONOCIDO,Fuente de poder Seasonic Vertex GX-1200W 80Plus Gold Modular PCIE5.0,Seasonic,PSU,coolbox_pe,373.07,0.0,2026-07-17 03:13:00,10041907,https://www.coolbox.pe/fuente-poder-seasonic-vertex-gx-1200w-80plus-gold-12122gxafs/p,precios_20260717_0313.csv,0
"Fuente de poder Antryx Kirin 750 GOLD, 750W, 80 Plus Gold, modular | marca: Antryx | categoria: PSU | fuente: coolbox_pe | precio: 125.07 USD",VIGENTE,0.4,default,,DESCONOCIDO,DESCONOCIDO,"Fuente de poder Antryx Kirin 750 GOLD, 750W, 80 Plus Gold, modular",Antryx,PSU,coolbox_pe,125.07,0.0,2026-07-17 03:13:00,11745,https://www.coolbox.pe/fuente-poder-antryx-kirin-750-gold-750w-000707-gi/p,precios_20260717_0313.csv,0
"Fuente de poder Antryx Kirin Gold Evo II 1000W, 80 Plus Gold, modular ATV3.0, Pcie 5.0 | marca: Antryx | categoria: PSU | fuente: coolbox_pe | precio: 199.73 USD",VIGENTE,1.0,lexical,pcie 5.0,VIGENTE,DESCONOCIDO,"Fuente de poder Antryx Kirin Gold Evo II 1000W, 80 Plus Gold, modular ATV3.0, Pcie 5.0",Antryx,PSU,coolbox_pe,199.73,0.0,2026-07-17 03:13:00,10047321,https://www.coolbox.pe/fuente-poder-antryx-kirin-gold-evo-ii-1000w-1063/p,precios_20260717_0313.csv,0
"Fuente de poder Antryx Kirin 850 GOLD, 850W, 80 Plus Gold, modular (reempacado) | marca: Antryx | categoria: PSU | fuente: coolbox_pe | precio: 109.79 USD | descuento: 2500%",EN_RIESGO,0.72,numeric,,DESCONOCIDO,EN_RIESGO,"Fuente de poder Antryx Kirin 850 GOLD, 850W, 80 Plus Gold, modular (reempacado)",Antryx,PSU,coolbox_pe,109.79,25.0,2026-07-17 03:13:00,10067164,https://www.coolbox.pe/reempacado-fuente-poder-antryx-kirin-850-gold-850w-ree-000708-gi/p,precios_20260717_0313.csv,1
Fuente de poder Seasonic Focus GX-1000W 80 Plus Gold Modular PCIE5.0 | marca: Seasonic | categoria: PSU | fuente: coolbox_pe | precio: 293.07 USD,VIGENTE,0.4,default,,DESCONOCIDO,DESCONOCIDO,Fuente de poder Seasonic Focus GX-1000W 80 Plus Gold Modular PCIE5.0,Seasonic,PSU,coolbox_pe,293.07,0.0,2026-07-17 03:13:00,10041904,https://www.coolbox.pe/fuente-poder-seasonic-focus-gx-1000w-80-plus-gold-ssr-1000fx3/p,precios_20260717_0313.csv,0
"Fuente de poder Seasonic A12 500W, 80 Plus White | marca: Antryx | categoria: PSU | fuente: coolbox_pe | precio: 66.4 USD",VIGENTE,0.4,default,,DESCONOCIDO,DESCONOCIDO,"Fuente de poder Seasonic A12 500W, 80 Plus White",Antryx,PSU,coolbox_pe,66.4,0.0,2026-07-17 03:13:00,10047323,https://www.coolbox.pe/fuente-poder-seasonic-a12-500w-80-plus-white-611/p,precios_20260717_0313.csv,0
"Fuente de poder Seasonic A12 500W, 80 Plus White (reempacado) | marca: Antryx | categoria: PSU | fuente: coolbox_pe | precio: 49.79 USD | descuento: 2500%",EN_RIESGO,0.72,numeric,,DESCONOCIDO,EN_RIESGO,"Fuente de poder Seasonic A12 500W, 80 Plus White (reempacado)",Antryx,PSU,coolbox_pe,49.79,25.0,2026-07-17 03:13:00,10067161,https://www.coolbox.pe/reempacado-fuente-poder-seasonic-a12-500w-80-plus-white-ree-611/p,precios_20260717_0313.csv,1
"Fuente de poder Antryx Kirin Gold Evo II 1200W, 80 Plus Gold, modular ATV3.0, Pcie 5.0 | marca: Antryx | categoria: PSU | fuente: coolbox_pe | precio: 239.73 USD",VIGENTE,1.0,lexical,pcie 5.0,VIGENTE,DESCONOCIDO,"Fuente de poder Antryx Kirin Gold Evo II 1200W, 80 Plus Gold, modular ATV3.0, Pcie 5.0",Antryx,PSU,coolbox_pe,239.73,0.0,2026-07-17 03:13:00,10047322,https://www.coolbox.pe/fuente-poder-antryx-kirin-gold-evo-ii-1200w-1064/p,precios_20260717_0313.csv,0
"Sistema de enfriamiento líquido Triton Infinity 240, negro | marca: Antryx | categoria: COOLER | fuente: coolbox_pe | precio: 114.4 USD",VIGENTE,0.4,default,,DESCONOCIDO,DESCONOCIDO,"Sistema de enfriamiento líquido Triton Infinity 240, negro",Antryx,COOLER,coolbox_pe,114.4,0.0,2026-07-17 03:13:00,10041876,https://www.coolbox.pe/sistema-enfriamiento-liquido-triton-infinity-240-negro-awc-t1240k/p,precios_20260717_0313.csv,0
"Cooler para CPU Be Quiet! Dark Rock Slim BK024, LGA1700, AM5 | marca: Be Quiet | categoria: COOLER | fuente: coolbox_pe | precio: 79.73 USD | descuento: 2310%",EN_RIESGO,0.71,consensus,lga1700,EN_RIESGO,EN_RIESGO,"Cooler para CPU Be Quiet! Dark Rock Slim BK024, LGA1700, AM5",Be Quiet,COOLER,coolbox_pe,79.73,23.1,2026-07-17 03:13:00,27467,https://www.coolbox.pe/cooler-cpu-be-quiet-dark-rock-slim-bk024-be9962cp/p,precios_20260717_0313.csv,1
"Cooler procesador Antryx Mirage Infinity black, ARGB | marca: Antryx | categoria: COOLER | fuente: coolbox_pe | precio: 42.4 USD",VIGENTE,0.4,default,,DESCONOCIDO,DESCONOCIDO,"Cooler procesador Antryx Mirage Infinity black, ARGB",Antryx,COOLER,coolbox_pe,42.4,0.0,2026-07-17 03:13:00,10051027,https://www.coolbox.pe/cooler-procesador-antryx-mirage-infinity-black-argb-acc-600ika/p,precios_20260717_0313.csv,0
Cooler para procesador Antryx Mirage 410 ARGB | marca: Antryx | categoria: COOLER | fuente: coolbox_pe | precio: 31.73 USD,VIGENTE,0.4,default,,DESCONOCIDO,DESCONOCIDO,Cooler para procesador Antryx Mirage 410 ARGB,Antryx,COOLER,coolbox_pe,31.73,0.0,2026-07-17 03:13:00,10047333,https://www.coolbox.pe/cooler-para-procesador-antryx-mirage-410-argb-828/p,precios_20260717_0313.csv,0
"Sistema de enfriamiento líquido Triton Infinity 360, negro | marca: Antryx | categoria: COOLER | fuente: coolbox_pe | precio: 146.4 USD",VIGENTE,0.4,default,,DESCONOCIDO,DESCONOCIDO,"Sistema de enfriamiento líquido Triton Infinity 360, negro",Antryx,COOLER,coolbox_pe,146.4,0.0,2026-07-17 03:13:00,10041877,https://www.coolbox.pe/sistema-enfriamiento-liquido-triton-infinity-360-negro-awc-t1360k/p,precios_20260717_0313.csv,0
"Reacondicionado: Cooler para procesador Antryx Mirage 410 ARGB, Intel/Amd | marca: Antryx | categoria: COOLER | fuente: coolbox_pe | precio: 17.2 USD | descuento: 5000%",EN_RIESGO,0.72,numeric,,DESCONOCIDO,EN_RIESGO,"Reacondicionado: Cooler para procesador Antryx Mirage 410 ARGB, Intel/Amd",Antryx,COOLER,coolbox_pe,17.2,50.0,2026-07-17 03:13:00,10067158,https://www.coolbox.pe/reacondicionado-cooler-procesador-antryx-mirage-410-rfba-000828-gi/p,precios_20260717_0313.csv,1
"Cooler procesador Antryx Mirage 530, ARGB, fan 130mm | marca: Antryx | categoria: COOLER | fuente: coolbox_pe | precio: 66.4 USD",VIGENTE,0.4,default,,DESCONOCIDO,DESCONOCIDO,"Cooler procesador Antryx Mirage 530, ARGB, fan 130mm",Antryx,COOLER,coolbox_pe,66.4,0.0,2026-07-17 03:13:00,10051025,https://www.coolbox.pe/cooler-procesador-antryx-mirage-530-argb-fan-130mm-acc-530ka/p,precios_20260717_0313.csv,0
"Sistema de refrigeración líquida MSI MPG Coreliquid K360, 360mm, 3-FAN, pantalla LCD 2.4"" | marca: Msi | categoria: COOLER | fuente: coolbox_pe | precio: 426.4 USD",VIGENTE,0.4,default,,DESCONOCIDO,DESCONOCIDO,"Sistema de refrigeración líquida MSI MPG Coreliquid K360, 360mm, 3-FAN, pantalla LCD 2.4""",Msi,COOLER,coolbox_pe,426.4,0.0,2026-07-17 03:13:00,6682,https://www.coolbox.pe/refrigeracion-liquida-msi-mpg-coreliquid-k360-coreliquidk360/p,precios_20260717_0313.csv,0
"Cooler procesador Antryx Mirage 550 Plus, ARGB, fan 130mm x2 | marca: Antryx | categoria: COOLER | fuente: coolbox_pe | precio: 69.07 USD",VIGENTE,0.4,default,,DESCONOCIDO,DESCONOCIDO,"Cooler procesador Antryx Mirage 550 Plus, ARGB, fan 130mm x2",Antryx,COOLER,coolbox_pe,69.07,0.0,2026-07-17 03:13:00,10051026,https://www.coolbox.pe/cooler-procesador-antryx-mirage-550-plus-argb-fan-130mm-x2-acc-550plka/p,precios_20260717_0313.csv,0
"Sistema de refrigeración líquida MSI MPG Coreliquid K240, ARGB, 240 mm, 2 FAN, pantalla LCD 2.4"" | marca: Msi | categoria: COOLER | fuente: coolbox_pe | precio: 266.4 USD",VIGENTE,0.4,default,,DESCONOCIDO,DESCONOCIDO,"Sistema de refrigeración líquida MSI MPG Coreliquid K240, ARGB, 240 mm, 2 FAN, pantalla LCD 2.4""",Msi,COOLER,coolbox_pe,266.4,0.0,2026-07-17 03:13:00,6681,https://www.coolbox.pe/refrigeracion-liquida-msi-mpg-coreliquid-k240-coreliquidk240/p,precios_20260717_0313.csv,0
"Cooler procesador Antryx Mirage Infinity white, ARGB | marca: Antryx | categoria: COOLER | fuente: coolbox_pe | precio: 71.73 USD",VIGENTE,0.4,default,,DESCONOCIDO,DESCONOCIDO,"Cooler procesador Antryx Mirage Infinity white, ARGB",Antryx,COOLER,coolbox_pe,71.73,0.0,2026-07-17 03:13:00,10051028,https://www.coolbox.pe/cooler-procesador-antryx-mirage-infinity-white-argb-acc-600iwa/p,precios_20260717_0313.csv,0
"Cooler procesador Antryx Mirage 310N, fan 92mm | marca: Antryx | categoria: COOLER | fuente: coolbox_pe | precio: 61.07 USD",VIGENTE,0.4,default,,DESCONOCIDO,DESCONOCIDO,"Cooler procesador Antryx Mirage 310N, fan 92mm",Antryx,COOLER,coolbox_pe,61.07,0.0,2026-07-17 03:13:00,10051023,https://www.coolbox.pe/cooler-procesador-antryx-mirage-310n-fan-92mm-acc-310n/p,precios_20260717_0313.csv,0
"Gabinete Antryx RX-250, USB3.0, FRGB FAN X4, panel lateral de vidrio templado | marca: Antryx | categoria: CASE | fuente: coolbox_pe | precio: 53.07 USD",VIGENTE,0.4,default,,DESCONOCIDO,DESCONOCIDO,"Gabinete Antryx RX-250, USB3.0, FRGB FAN X4, panel lateral de vidrio templado",Antryx,CASE,coolbox_pe,53.07,0.0,2026-07-17 03:13:00,10051005,https://www.coolbox.pe/gabinete-antryx-rx-250-usb3-0-frgb-fan-x4-vidrio-templado-ac-rx250kfr/p,precios_20260717_0313.csv,0
"Gabinete Antryx RX-260 BLACK, USB3.0, FRGB FAN X4, panel lateral de vidrio templado | marca: Antryx | categoria: CASE | fuente: coolbox_pe | precio: 58.4 USD",VIGENTE,0.4,default,,DESCONOCIDO,DESCONOCIDO,"Gabinete Antryx RX-260 BLACK, USB3.0, FRGB FAN X4, panel lateral de vidrio templado",Antryx,CASE,coolbox_pe,58.4,0.0,2026-07-17 03:13:00,10051006,https://www.coolbox.pe/gabinete-antryx-rx-260-black-usb3-0-frgb-fan-x4-vidrio-templado-ac-rx260kfr/p,precios_20260717_0313.csv,0
"Gabinete Antryx RX-270, USB3.0, FRGB FAN X4, panel lateral de vidrio templado | marca: Antryx | categoria: CASE | fuente: coolbox_pe | precio: 53.07 USD",VIGENTE,0.4,default,,DESCONOCIDO,DESCONOCIDO,"Gabinete Antryx RX-270, USB3.0, FRGB FAN X4, panel lateral de vidrio templado",Antryx,CASE,coolbox_pe,53.07,0.0,2026-07-17 03:13:00,10051008,https://www.coolbox.pe/gabinete-antryx-rx-270-usb3-0-frgb-fan-x4-vidrio-templado-ac-rx270kfr/p,precios_20260717_0313.csv,0
"Gabinete Cooler Master HAF 700 EVO ARGB, Mini-ITX / Micro-ATX /ATX/SSI CEB/SSI EEB/E-ATX, Panel lateral vidrio templado, sin fuente, negro | marca: Cooler Master | categoria: CASE | fuente: coolbox_pe | precio: 533.07 USD",VIGENTE,0.4,default,,DESCONOCIDO,DESCONOCIDO,"Gabinete Cooler Master HAF 700 EVO ARGB, Mini-ITX / Micro-ATX /ATX/SSI CEB/SSI EEB/E-ATX, Panel lateral vidrio templado, sin fuente, negro",Cooler Master,CASE,coolbox_pe,533.07,0.0,2026-07-17 03:13:00,10041872,https://www.coolbox.pe/gabinete-cooler-master-haf-700-evo-argb-h700e-ignn-s00/p,precios_20260717_0313.csv,0
"Gabinete Antryx XM-330 Xtreme, ITX/Micro ATX, Panel lateral vidrio templado, con fuente 500W | marca: Antryx | categoria: CASE | fuente: coolbox_pe | precio: 79.73 USD",VIGENTE,0.4,default,,DESCONOCIDO,DESCONOCIDO,"Gabinete Antryx XM-330 Xtreme, ITX/Micro ATX, Panel lateral vidrio templado, con fuente 500W",Antryx,CASE,coolbox_pe,79.73,0.0,2026-07-17 03:13:00,10041874,https://www.coolbox.pe/gabinete-antryx--xm-330-c-f-b500w-000997/p,precios_20260717_0313.csv,0
"Gabinete Antryx FX730 ARGB, ATX/M-ATX/ITX, 4 ventiladores, Panel lateral vidrio templado, sin fuente, blanco | marca: Antryx | categoria: CASE | fuente: coolbox_pe | precio: 106.4 USD",VIGENTE,0.4,default,,DESCONOCIDO,DESCONOCIDO,"Gabinete Antryx FX730 ARGB, ATX/M-ATX/ITX, 4 ventiladores, Panel lateral vidrio templado, sin fuente, blanco",Antryx,CASE,coolbox_pe,106.4,0.0,2026-07-17 03:13:00,10041869,https://www.coolbox.pe/gabinete-antryx-fx730-white-argb-ac-fx730w/p,precios_20260717_0313.csv,0
"Gabinete Antryx Elegant 650 Black, incluye USB 3.0, panel frontal con malla metálica, con fuente 350w | marca: Antryx | categoria: CASE | fuente: coolbox_pe | precio: 53.07 USD",VIGENTE,0.4,default,,DESCONOCIDO,DESCONOCIDO,"Gabinete Antryx Elegant 650 Black, incluye USB 3.0, panel frontal con malla metálica, con fuente 350w",Antryx,CASE,coolbox_pe,53.07,0.0,2026-07-17 03:13:00,10047313,https://www.coolbox.pe/gabinete-antryx-elegant-650-black-846/p,precios_20260717_0313.csv,0
"Gabinete Cooler Master Masterbox MB520 Mesh, Mini-ITX / Micro-ATX /ATX/SSI CEB, Panel lateral vidrio templado, sin fuente, blanco | marca: Cooler Master | categoria: CASE | fuente: coolbox_pe | precio: 117.07 USD",VIGENTE,0.4,default,,DESCONOCIDO,DESCONOCIDO,"Gabinete Cooler Master Masterbox MB520 Mesh, Mini-ITX / Micro-ATX /ATX/SSI CEB, Panel lateral vidrio templado, sin fuente, blanco",Cooler Master,CASE,coolbox_pe,117.07,0.0,2026-07-17 03:13:00,10041873,https://www.coolbox.pe/gabinete-cooler-master-mb-mb520-mesh-white-mb520-wgnn-s00/p,precios_20260717_0313.csv,0
"Gabinete Antryx Xtreme Neo II Black, incluye 2 ventiladores Chrome Storm, panel lateral de vidrio templado, con fuente B500w | marca: Antryx | categoria: CASE | fuente: coolbox_pe | precio: 79.73 USD",VIGENTE,0.4,default,,DESCONOCIDO,DESCONOCIDO,"Gabinete Antryx Xtreme Neo II Black, incluye 2 ventiladores Chrome Storm, panel lateral de vidrio templado, con fuente B500w",Antryx,CASE,coolbox_pe,79.73,0.0,2026-07-17 03:13:00,10047308,https://www.coolbox.pe/gabinete-antryx-xtreme-neo-ii-black-1045/p,precios_20260717_0313.csv,0
"Gabinete Antryx RX-450, ATX/Full ATX/Micro ATX, ventilador ARGB/cinta LED, Panel lateral vidrio templado, sin fuente, negro | marca: Antryx | categoria: CASE | fuente: coolbox_pe | precio: 79.73 USD",VIGENTE,0.4,default,,DESCONOCIDO,DESCONOCIDO,"Gabinete Antryx RX-450, ATX/Full ATX/Micro ATX, ventilador ARGB/cinta LED, Panel lateral vidrio templado, sin fuente, negro",Antryx,CASE,coolbox_pe,79.73,0.0,2026-07-17 03:13:00,10041867,https://www.coolbox.pe/gabinete-antryx-rx450-argb-000604/p,precios_20260717_0313.csv,0
"Gabinete Antryx RX-260 WHITE, USB3.0, FRGB FAN X4, panel lateral de vidrio templado | marca: Antryx | categoria: CASE | fuente: coolbox_pe | precio: 63.73 USD",VIGENTE,0.4,default,,DESCONOCIDO,DESCONOCIDO,"Gabinete Antryx RX-260 WHITE, USB3.0, FRGB FAN X4, panel lateral de vidrio templado",Antryx,CASE,coolbox_pe,63.73,0.0,2026-07-17 03:13:00,10051007,https://www.coolbox.pe/gabinete-antryx-rx-260-white-usb3-0-frgb-fan-x4-vidrio-templado-ac-rx260wfr/p,precios_20260717_0313.csv,0
"Gabinete Antryx Xtreme Micro XM-310 Black, USB 3.0, con fuente B500w | marca: Antryx | categoria: CASE | fuente: coolbox_pe | precio: 66.4 USD",VIGENTE,0.4,default,,DESCONOCIDO,DESCONOCIDO,"Gabinete Antryx Xtreme Micro XM-310 Black, USB 3.0, con fuente B500w",Antryx,CASE,coolbox_pe,66.4,0.0,2026-07-17 03:13:00,10047318,https://www.coolbox.pe/gabinete-antryx-xtreme-micro-xm-310-black-996/p,precios_20260717_0313.csv,0
"Gabinete Antryx Xtreme E250 Plus Black, USB 3.0, con fuente B450w | marca: Antryx | categoria: CASE | fuente: coolbox_pe | precio: 119.73 USD",VIGENTE,0.4,default,,DESCONOCIDO,DESCONOCIDO,"Gabinete Antryx Xtreme E250 Plus Black, USB 3.0, con fuente B450w",Antryx,CASE,coolbox_pe,119.73,0.0,2026-07-17 03:13:00,10047317,https://www.coolbox.pe/gabinete-antryx-xtreme-e250-plus-black-995/p,precios_20260717_0313.csv,0
"Gabinete Antryx FX Cruiser Black, incluye 3 ventiladores ARGB, panel lateral de vidrio templado, malla frontal, sin fuente | marca: Antryx | categoria: CASE | fuente: coolbox_pe | precio: 106.4 USD",VIGENTE,0.4,default,,DESCONOCIDO,DESCONOCIDO,"Gabinete Antryx FX Cruiser Black, incluye 3 ventiladores ARGB, panel lateral de vidrio templado, malla frontal, sin fuente",Antryx,CASE,coolbox_pe,106.4,0.0,2026-07-17 03:13:00,10047311,https://www.coolbox.pe/gabinete-antryx-fx-cruiser-black-771/p,precios_20260717_0313.csv,0
"Gabinete Antryx RX-430U Black, incluye 1 ventiladores ARGB + barra de luz ARGB, panel lateral de vidrio templado, con fuente B600w | marca: Antryx | categoria: CASE | fuente: coolbox_pe | precio: 93.07 USD",VIGENTE,0.4,default,,DESCONOCIDO,DESCONOCIDO,"Gabinete Antryx RX-430U Black, incluye 1 ventiladores ARGB + barra de luz ARGB, panel lateral de vidrio templado, con fuente B600w",Antryx,CASE,coolbox_pe,93.07,0.0,2026-07-17 03:13:00,10047306,https://www.coolbox.pe/gabinete-antryx-rx-430u-black-1003-1/p,precios_20260717_0313.csv,0
"Gabinete Antryx Xtreme Slim Micro ATX/Mini-ITX, con fuente 300W | marca: Antryx | categoria: CASE | fuente: coolbox_pe | precio: 53.07 USD",VIGENTE,0.4,default,,DESCONOCIDO,DESCONOCIDO,"Gabinete Antryx Xtreme Slim Micro ATX/Mini-ITX, con fuente 300W",Antryx,CASE,coolbox_pe,53.07,0.0,2026-07-17 03:13:00,10042971,https://www.coolbox.pe/gabinete-antryx-xtreme-slim-xs-100u-silver/p,precios_20260717_0313.csv,0
"Gabinete Antryx Xtreme NC-253 Black, incluye una barra lateral ARGB, panel lateral de vidrio templado, con fuente B500w | marca: Antryx | categoria: CASE | fuente: coolbox_pe | precio: 79.73 USD",VIGENTE,0.4,default,,DESCONOCIDO,DESCONOCIDO,"Gabinete Antryx Xtreme NC-253 Black, incluye una barra lateral ARGB, panel lateral de vidrio templado, con fuente B500w",Antryx,CASE,coolbox_pe,79.73,0.0,2026-07-17 03:13:00,10047309,https://www.coolbox.pe/gabinete-antryx-xtreme-nc-253-black-1046/p,precios_20260717_0313.csv,0
"Gabinete Antryx RX-430U Black USB 3.0, incluye 1 ventiladores ARGB, barra de luz ARGB, panel lateral de vidrio templado, sin fuente | marca: Antryx | categoria: CASE | fuente: coolbox_pe | precio: 69.07 USD",VIGENTE,0.4,default,,DESCONOCIDO,DESCONOCIDO,"Gabinete Antryx RX-430U Black USB 3.0, incluye 1 ventiladores ARGB, barra de luz ARGB, panel lateral de vidrio templado, sin fuente",Antryx,CASE,coolbox_pe,69.07,0.0,2026-07-17 03:13:00,10047315,https://www.coolbox.pe/gabinete-antryx-rx-430u-black-911/p,precios_20260717_0313.csv,0
"Gabinete Antryx RX-460 white, incluye 2 ventiladores ARGB, panel lateral de vidrio templado, sin fuente | marca: Antryx | categoria: CASE | fuente: coolbox_pe | precio: 79.73 USD",VIGENTE,0.4,default,,DESCONOCIDO,DESCONOCIDO,"Gabinete Antryx RX-460 white, incluye 2 ventiladores ARGB, panel lateral de vidrio templado, sin fuente",Antryx,CASE,coolbox_pe,79.73,0.0,2026-07-17 03:13:00,10047310,https://www.coolbox.pe/gabinete-antryx-rx-460-white-729/p,precios_20260717_0313.csv,0
"Gabinete Antryx Xtreme Slim XS-120 MATX USB 3.0, panel con proceso de estampado, con fuente 350W | marca: Antryx | categoria: CASE | fuente: coolbox_pe | precio: 66.4 USD",VIGENTE,0.4,default,,DESCONOCIDO,DESCONOCIDO,"Gabinete Antryx Xtreme Slim XS-120 MATX USB 3.0, panel con proceso de estampado, con fuente 350W",Antryx,CASE,coolbox_pe,66.4,0.0,2026-07-17 03:13:00,10051009,https://www.coolbox.pe/gabinete-antryx-xtreme-slim-xs-120-matx-usb-3-0-fuente-350w-ac-xs120k-350cp/p,precios_20260717_0313.csv,0
"Gabinete Antryx RX-460 Mesh Black USB 3.0, incluye 2 ventiladores ARGB, panel lateral de vidrio templado, sin fuente | marca: Antryx | categoria: CASE | fuente: coolbox_pe | precio: 71.73 USD",VIGENTE,0.4,default,,DESCONOCIDO,DESCONOCIDO,"Gabinete Antryx RX-460 Mesh Black USB 3.0, incluye 2 ventiladores ARGB, panel lateral de vidrio templado, sin fuente",Antryx,CASE,coolbox_pe,71.73,0.0,2026-07-17 03:13:00,10047314,https://www.coolbox.pe/gabinete-antryx-rx-460-mesh-black-892/p,precios_20260717_0313.csv,0
"Gabinete Antryx Xtreme NC-257 Black, 1 ventilador ARGB, barra lateral ARGB, panel lateral de vidrio templado, con fuente B500w | marca: Antryx | categoria: CASE | fuente: coolbox_pe | precio: 87.73 USD",VIGENTE,0.4,default,,DESCONOCIDO,DESCONOCIDO,"Gabinete Antryx Xtreme NC-257 Black, 1 ventilador ARGB, barra lateral ARGB, panel lateral de vidrio templado, con fuente B500w",Antryx,CASE,coolbox_pe,87.73,0.0,2026-07-17 03:13:00,10047312,https://www.coolbox.pe/gabinete-antryx-xtreme-nc-257-black-773/p,precios_20260717_0313.csv,0
