texto,label,label_id,confianza,decision_src,keywords_match,producto,marca,categoria,fuente,precio_usd,sku,vector_idx,label_pred,p_vigente,p_en_riesgo,p_obsoleto,r_j
"Procesador Intel Core i3-14100 4-Cores, 4.7 GHz, LGA1700 | marca: Intel | categoria: CPU | fuente: coolbox_pe | precio: 186.4 USD",EN_RIESGO,1,1.0,lexical,"i3-14, lga1700","Procesador Intel Core i3-14100 4-Cores, 4.7 GHz, LGA1700",Intel,CPU,coolbox_pe,186.4,10048086,0,EN_RIESGO,0.0009,0.9984,0.0007,0.4999
"Procesador AMD Ryzen 5 7600X 6 cores, 5.3Ghz, AM5 | marca: amd | categoria: CPU | fuente: coolbox_pe | precio: 279.73 USD",EN_RIESGO,1,0.5,lexical,ryzen 5 7600,"Procesador AMD Ryzen 5 7600X 6 cores, 5.3Ghz, AM5",amd,CPU,coolbox_pe,279.73,10047106,1,EN_RIESGO,0.0008,0.9983,0.0009,0.5
"Procesador AMD Ryzen 5 5600G, 3.9Ghz, 6 cores, AM4 | marca: amd | categoria: CPU | fuente: coolbox_pe | precio: 239.73 USD",OBSOLETO,2,1.0,lexical,"ryzen 5 5600g, am4","Procesador AMD Ryzen 5 5600G, 3.9Ghz, 6 cores, AM4",amd,CPU,coolbox_pe,239.73,11439,2,OBSOLETO,0.0006,0.0011,0.9983,0.9989
"Procesador Intel Core Ultra 7 265KF, 5.5GHZ, 12+8 CORES, LGA1851 | marca: Intel | categoria: CPU | fuente: coolbox_pe | precio: 426.4 USD",VIGENTE,0,1.0,lexical,"core ultra, lga1851, ultra 7","Procesador Intel Core Ultra 7 265KF, 5.5GHZ, 12+8 CORES, LGA1851",Intel,CPU,coolbox_pe,426.4,10057314,3,VIGENTE,0.9966,0.0026,0.0009,0.0022
"Procesador Intel Core i5-13400F, 2.5GHZ, 6+4 cores, LGA1700 | marca: Intel | categoria: CPU | fuente: coolbox_pe | precio: 253.07 USD",EN_RIESGO,1,1.0,lexical,"i5-13, lga1700","Procesador Intel Core i5-13400F, 2.5GHZ, 6+4 cores, LGA1700",Intel,CPU,coolbox_pe,253.07,22041,4,EN_RIESGO,0.0009,0.9983,0.0008,0.4999
"Procesador AMD Ryzen 5 8600G (IA), 5Ghz, 6 cores, AM5,  65W | marca: amd | categoria: CPU | fuente: coolbox_pe | precio: 306.4 USD",EN_RIESGO,1,0.5,lexical,ryzen 5 8600,"Procesador AMD Ryzen 5 8600G (IA), 5Ghz, 6 cores, AM5,  65W",amd,CPU,coolbox_pe,306.4,10044548,5,EN_RIESGO,0.0009,0.9983,0.0008,0.4999
"Procesador AMD ATHLON 3000G 3.5Ghz, 2 CORES, AM4 | marca: amd | categoria: CPU | fuente: coolbox_pe | precio: 58.4 USD",OBSOLETO,2,1.0,lexical,am4,"Procesador AMD ATHLON 3000G 3.5Ghz, 2 CORES, AM4",amd,CPU,coolbox_pe,58.4,10043282,6,OBSOLETO,0.0006,0.001,0.9984,0.9989
"Procesador Intel Core i5-14400 6+4-Cores, 4.7 GHz, LGA1700 | marca: Intel | categoria: CPU | fuente: coolbox_pe | precio: 306.4 USD",EN_RIESGO,1,1.0,lexical,"i5-14, lga1700","Procesador Intel Core i5-14400 6+4-Cores, 4.7 GHz, LGA1700",Intel,CPU,coolbox_pe,306.4,10048087,7,EN_RIESGO,0.0009,0.9984,0.0008,0.4999
"Procesador Intel Core i3-13100F, 4.5Ghz, 4+4 cores, LGA1700 | marca: Intel | categoria: CPU | fuente: coolbox_pe | precio: 146.4 USD | descuento: 1540%",EN_RIESGO,1,0.96,consensus,"i3-13, lga1700","Procesador Intel Core i3-13100F, 4.5Ghz, 4+4 cores, LGA1700",Intel,CPU,coolbox_pe,146.4,22034,8,EN_RIESGO,0.0008,0.9981,0.0012,0.5002
"Procesador Intel Core Ultra 5 225F, 4.9GHZ, 4+6 CORES, LGA1851 | marca: Intel | categoria: CPU | fuente: coolbox_pe | precio: 306.4 USD",VIGENTE,0,1.0,lexical,"core ultra, lga1851, ultra 5","Procesador Intel Core Ultra 5 225F, 4.9GHZ, 4+6 CORES, LGA1851",Intel,CPU,coolbox_pe,306.4,10057313,9,VIGENTE,0.9978,0.0015,0.0008,0.0015
"Tarjeta de video Asus Dual NVIDIA GeForce RTX 5050, 8GB GDDR6, PCI Express 5.0 | marca: Asus | categoria: GPU | fuente: coolbox_pe | precio: 426.4 USD",VIGENTE,0,0.4,default,,"Tarjeta de video Asus Dual NVIDIA GeForce RTX 5050, 8GB GDDR6, PCI Express 5.0",Asus,GPU,coolbox_pe,426.4,10067840,10,VIGENTE,0.9981,0.0009,0.001,0.0014
"Tarjeta de video Asus Dual NVIDIA GeForce RTX 5060, 8GB GDDR7, PCI Express 5.0 | marca: Asus | categoria: GPU | fuente: coolbox_pe | precio: 495.73 USD",VIGENTE,0,1.0,lexical,rtx 5060,"Tarjeta de video Asus Dual NVIDIA GeForce RTX 5060, 8GB GDDR7, PCI Express 5.0",Asus,GPU,coolbox_pe,495.73,10067839,11,VIGENTE,0.998,0.0009,0.0011,0.0015
Memoria RAM TeamGroup Elite SODIMM 16GB DDR4 3200Mhz CL22 1.2v | marca: Teamgroup | categoria: RAM | fuente: coolbox_pe | precio: 106.4 USD,OBSOLETO,2,1.0,lexical,ddr4,Memoria RAM TeamGroup Elite SODIMM 16GB DDR4 3200Mhz CL22 1.2v,Teamgroup,RAM,coolbox_pe,106.4,10066164,12,OBSOLETO,0.0006,0.001,0.9984,0.9989
Memoria Ram para Laptop Kingston KCP 16GB DDR4 3200Mhz SODIMM | marca: Kingston | categoria: RAM | fuente: coolbox_pe | precio: 141.07 USD,OBSOLETO,2,1.0,lexical,ddr4,Memoria Ram para Laptop Kingston KCP 16GB DDR4 3200Mhz SODIMM,Kingston,RAM,coolbox_pe,141.07,10048431,13,OBSOLETO,0.0006,0.001,0.9984,0.9989
"Memoria RAM Kingston Fury Beast 8GB (1x8GB), DDR4, 3200Mhz, CL14 | marca: Kingston | categoria: RAM | fuente: coolbox_pe | precio: 98.4 USD",OBSOLETO,2,1.0,lexical,ddr4,"Memoria RAM Kingston Fury Beast 8GB (1x8GB), DDR4, 3200Mhz, CL14",Kingston,RAM,coolbox_pe,98.4,12209,14,OBSOLETO,0.0006,0.001,0.9984,0.9989
"Memoria ram Kingston Fury Beast 16GB (1x16GB), DDR4, 3200Mhz, CL16 | marca: Kingston | categoria: RAM | fuente: coolbox_pe | precio: 186.4 USD",OBSOLETO,2,1.0,lexical,ddr4,"Memoria ram Kingston Fury Beast 16GB (1x16GB), DDR4, 3200Mhz, CL16",Kingston,RAM,coolbox_pe,186.4,12208,15,OBSOLETO,0.0008,0.001,0.9982,0.9987
Memoria RAM TeamGroup T-Force Vulcan Z 8GB DDR4 3200Mhz CL16 1.35v | marca: Teamgroup | categoria: RAM | fuente: coolbox_pe | precio: 98.4 USD,OBSOLETO,2,1.0,lexical,ddr4,Memoria RAM TeamGroup T-Force Vulcan Z 8GB DDR4 3200Mhz CL16 1.35v,Teamgroup,RAM,coolbox_pe,98.4,10066165,16,OBSOLETO,0.0006,0.0011,0.9984,0.9989
"Memoria ram para laptop Kingston KCP 8GB DDR4, 3200Mhz | marca: Kingston | categoria: RAM | fuente: coolbox_pe | precio: 79.73 USD",OBSOLETO,2,1.0,lexical,ddr4,"Memoria ram para laptop Kingston KCP 8GB DDR4, 3200Mhz",Kingston,RAM,coolbox_pe,79.73,24382,17,OBSOLETO,0.0006,0.001,0.9984,0.9989
"Memoria RAM Kingston KVR 8GB, DDR4, 3200MT/s, CL22, SODIMM | marca: Kingston | categoria: RAM | fuente: coolbox_pe | precio: 98.4 USD",OBSOLETO,2,1.0,lexical,ddr4,"Memoria RAM Kingston KVR 8GB, DDR4, 3200MT/s, CL22, SODIMM",Kingston,RAM,coolbox_pe,98.4,10066291,18,OBSOLETO,0.0006,0.0011,0.9984,0.9989
"Unidad de estado sólido SSD Kingston SSD A400 960GB de capacidad, 2.5"", SATA3 | marca: Kingston | categoria: SSD | fuente: coolbox_pe | precio: 125.07 USD",VIGENTE,0,0.4,default,,"Unidad de estado sólido SSD Kingston SSD A400 960GB de capacidad, 2.5"", SATA3",Kingston,SSD,coolbox_pe,125.07,4985,19,VIGENTE,0.9983,0.0009,0.0008,0.0012
Unidad de estado sólido SSD Kingston NV3 1000GB M.2 PCIE4.0 NVME | marca: Kingston | categoria: SSD | fuente: coolbox_pe | precio: 175.73 USD,VIGENTE,0,0.4,default,,Unidad de estado sólido SSD Kingston NV3 1000GB M.2 PCIE4.0 NVME,Kingston,SSD,coolbox_pe,175.73,10051503,20,VIGENTE,0.9982,0.0009,0.0009,0.0013
"Unidad de estado sólido SSD Kingston A400 240GB de capacidad, 2.5"", SATA3 | marca: Kingston | categoria: SSD | fuente: coolbox_pe | precio: 74.4 USD",VIGENTE,0,0.4,default,,"Unidad de estado sólido SSD Kingston A400 240GB de capacidad, 2.5"", SATA3",Kingston,SSD,coolbox_pe,74.4,4338,21,VIGENTE,0.998,0.0009,0.0012,0.0016
Unidad de estado sólido SSD Kingston NV3 2000GB M.2 PCIE4.0 NVME | marca: Kingston | categoria: SSD | fuente: coolbox_pe | precio: 266.4 USD,VIGENTE,0,0.4,default,,Unidad de estado sólido SSD Kingston NV3 2000GB M.2 PCIE4.0 NVME,Kingston,SSD,coolbox_pe,266.4,10051504,22,VIGENTE,0.9983,0.0009,0.0008,0.0013
"Unidad de estado sólido SSD Kingston Ssd A400 480GB de capacidad , 2.5"", SATA3 | marca: Kingston | categoria: SSD | fuente: coolbox_pe | precio: 117.07 USD",VIGENTE,0,0.4,default,,"Unidad de estado sólido SSD Kingston Ssd A400 480GB de capacidad , 2.5"", SATA3",Kingston,SSD,coolbox_pe,117.07,4339,23,VIGENTE,0.9983,0.0009,0.0009,0.0013
Unidad de estado sólido SSD Kingston NV3 500GB M.2 PCIE4.0 NVME | marca: Kingston | categoria: SSD | fuente: coolbox_pe | precio: 149.07 USD,VIGENTE,0,0.4,default,,Unidad de estado sólido SSD Kingston NV3 500GB M.2 PCIE4.0 NVME,Kingston,SSD,coolbox_pe,149.07,10051505,24,VIGENTE,0.998,0.0009,0.0011,0.0016
Unidad de estado sólido SSD Kingston Fury Renegade G5 1TB M.2 PCIE5 NVME 2280 | marca: Kingston | categoria: SSD | fuente: coolbox_pe | precio: 293.07 USD,VIGENTE,0,0.4,default,,Unidad de estado sólido SSD Kingston Fury Renegade G5 1TB M.2 PCIE5 NVME 2280,Kingston,SSD,coolbox_pe,293.07,10057981,25,VIGENTE,0.9983,0.0009,0.0008,0.0013
"Placa madre MSI PRO B650M-P, socket AM5, DDR5 hasta 192GB, factor micro-ATX, 2x M.2 PCIe 4.0, LAN 2.5G, HDMI y DisplayPort | marca: Msi | categoria: MOTHERBOARD | fuente: coolbox_pe | precio: 133.07 USD",VIGENTE,0,1.0,lexical,"am5, ddr5","Placa madre MSI PRO B650M-P, socket AM5, DDR5 hasta 192GB, factor micro-ATX, 2x M.2 PCIe 4.0, LAN 2.5G, HDMI y DisplayPort",Msi,MOTHERBOARD,coolbox_pe,133.07,10048103,26,VIGENTE,0.9982,0.001,0.0008,0.0013
"Placa madre Asrock A520M-HDV AM4, DDR4 MATX | marca: Asrock | categoria: MOTHERBOARD | fuente: coolbox_pe | precio: 63.73 USD",OBSOLETO,2,1.0,lexical,"am4, ddr4","Placa madre Asrock A520M-HDV AM4, DDR4 MATX",Asrock,MOTHERBOARD,coolbox_pe,63.73,10047116,27,OBSOLETO,0.0007,0.001,0.9983,0.9988
"Placa Madre MSI PRO A620M-E Socket AM5, DDR5, Micro-ATX, PCIe 4.0, RAID SATA, Ranura M.2, HDMI 2.1, LAN Realtek | marca: Msi | categoria: MOTHERBOARD | fuente: coolbox_pe | precio: 106.4 USD",VIGENTE,0,1.0,lexical,"am5, ddr5","Placa Madre MSI PRO A620M-E Socket AM5, DDR5, Micro-ATX, PCIe 4.0, RAID SATA, Ranura M.2, HDMI 2.1, LAN Realtek",Msi,MOTHERBOARD,coolbox_pe,106.4,10048420,28,VIGENTE,0.9982,0.001,0.0008,0.0013
"Placa madre Asrock Prime B860M-A LGA1851, DDR5, MATX | marca: Asrock | categoria: MOTHERBOARD | fuente: coolbox_pe | precio: 186.4 USD",VIGENTE,0,1.0,lexical,"lga1851, ddr5","Placa madre Asrock Prime B860M-A LGA1851, DDR5, MATX",Asrock,MOTHERBOARD,coolbox_pe,186.4,10057318,29,VIGENTE,0.9981,0.0009,0.001,0.0014
"Placa madre Gigabyte B550M-K AM4, DDR4 (reempacado) | marca: Gigabyte | categoria: MOTHERBOARD | fuente: coolbox_pe | precio: 89.79 USD | descuento: 2500%",OBSOLETO,2,1.0,lexical_wins,"am4, ddr4","Placa madre Gigabyte B550M-K AM4, DDR4 (reempacado)",Gigabyte,MOTHERBOARD,coolbox_pe,89.79,10067162,30,OBSOLETO,0.0006,0.0013,0.9981,0.9988
"Placa madre Asrock Z890 PRO-A LGA1851, DDR5, ATX | marca: Asrock | categoria: MOTHERBOARD | fuente: coolbox_pe | precio: 266.4 USD",VIGENTE,0,1.0,lexical,"lga1851, ddr5","Placa madre Asrock Z890 PRO-A LGA1851, DDR5, ATX",Asrock,MOTHERBOARD,coolbox_pe,266.4,10057317,31,VIGENTE,0.9982,0.0009,0.0009,0.0013
"Placa madre Asrock H610M-HDV/M.2 R2.0, DDR4, M.2, LGA1700 (reempacado) | marca: Asrock | categoria: MOTHERBOARD | fuente: coolbox_pe | precio: 85.79 USD | descuento: 2500%",EN_RIESGO,1,0.72,numeric_wins,ddr4,"Placa madre Asrock H610M-HDV/M.2 R2.0, DDR4, M.2, LGA1700 (reempacado)",Asrock,MOTHERBOARD,coolbox_pe,85.79,10061042,32,EN_RIESGO,0.0009,0.9977,0.0013,0.5002
"Placa madre Advance MoDT ITX con Procesador (incorporado) Intel Core i5-13420H,  Wi-Fi HDMIx2/DP/VGA | marca: Advance | categoria: MOTHERBOARD | fuente: coolbox_pe | precio: 314.4 USD",EN_RIESGO,1,1.0,lexical,i5-13,"Placa madre Advance MoDT ITX con Procesador (incorporado) Intel Core i5-13420H,  Wi-Fi HDMIx2/DP/VGA",Advance,MOTHERBOARD,coolbox_pe,314.4,10054480,33,EN_RIESGO,0.0007,0.9984,0.0009,0.5001
"Placa madre Asrock H610M-HDV/M.2 R2.0, DDR4, M.2, LGA1700 | marca: Asrock | categoria: MOTHERBOARD | fuente: coolbox_pe | precio: 114.4 USD",OBSOLETO,2,0.5,lexical,ddr4,"Placa madre Asrock H610M-HDV/M.2 R2.0, DDR4, M.2, LGA1700",Asrock,MOTHERBOARD,coolbox_pe,114.4,21224,34,OBSOLETO,0.0006,0.001,0.9984,0.9989
"Placa madre Advance MoDT ITX con Procesador (incorporado) Intel Core i7-13620H, Wi-Fi HDMIx2/DP/VGA | marca: Advance | categoria: MOTHERBOARD | fuente: coolbox_pe | precio: 359.73 USD",EN_RIESGO,1,1.0,lexical,i7-13,"Placa madre Advance MoDT ITX con Procesador (incorporado) Intel Core i7-13620H, Wi-Fi HDMIx2/DP/VGA",Advance,MOTHERBOARD,coolbox_pe,359.73,10054481,35,EN_RIESGO,0.0008,0.9984,0.0008,0.5
"Fuente de poder Teros TE-7160 600W, 80 Plus Bronze | marca: Teros | categoria: PSU | fuente: coolbox_pe | precio: 47.73 USD",VIGENTE,0,0.4,default,,"Fuente de poder Teros TE-7160 600W, 80 Plus Bronze",Teros,PSU,coolbox_pe,47.73,10042120,36,VIGENTE,0.9982,0.0011,0.0007,0.0013
"Fuente de poder Teros TE-7175W 750W, 80 Plus Gold, F. modular | marca: Teros | categoria: PSU | fuente: coolbox_pe | precio: 74.4 USD",VIGENTE,0,0.4,default,,"Fuente de poder Teros TE-7175W 750W, 80 Plus Gold, F. modular",Teros,PSU,coolbox_pe,74.4,10042119,37,VIGENTE,0.9981,0.0011,0.0008,0.0013
"Fuente de poder Antryx Kirin 850 GOLD, 850W, 80 Plus Gold, modular | marca: Antryx | categoria: PSU | fuente: coolbox_pe | precio: 146.4 USD",VIGENTE,0,0.4,default,,"Fuente de poder Antryx Kirin 850 GOLD, 850W, 80 Plus Gold, modular",Antryx,PSU,coolbox_pe,146.4,11746,38,VIGENTE,0.998,0.0012,0.0008,0.0014
"Fuente de poder Seasonic A12, 600W, 80 Plus, blanco | marca: Seasonic | categoria: PSU | fuente: coolbox_pe | precio: 85.07 USD",VIGENTE,0,0.4,default,,"Fuente de poder Seasonic A12, 600W, 80 Plus, blanco",Seasonic,PSU,coolbox_pe,85.07,11750,39,VIGENTE,0.998,0.0012,0.0008,0.0014
Fuente de poder Seasonic Vertex GX-1200W 80Plus Gold Modular PCIE5.0 | marca: Seasonic | categoria: PSU | fuente: coolbox_pe | precio: 373.07 USD,VIGENTE,0,0.4,default,,Fuente de poder Seasonic Vertex GX-1200W 80Plus Gold Modular PCIE5.0,Seasonic,PSU,coolbox_pe,373.07,10041907,40,VIGENTE,0.9983,0.0009,0.0008,0.0013
"Fuente de poder Antryx Kirin 750 GOLD, 750W, 80 Plus Gold, modular | marca: Antryx | categoria: PSU | fuente: coolbox_pe | precio: 125.07 USD",VIGENTE,0,0.4,default,,"Fuente de poder Antryx Kirin 750 GOLD, 750W, 80 Plus Gold, modular",Antryx,PSU,coolbox_pe,125.07,11745,41,VIGENTE,0.9978,0.0014,0.0008,0.0015
"Fuente de poder Antryx Kirin Gold Evo II 1000W, 80 Plus Gold, modular ATV3.0, Pcie 5.0 | marca: Antryx | categoria: PSU | fuente: coolbox_pe | precio: 199.73 USD",VIGENTE,0,1.0,lexical,pcie 5.0,"Fuente de poder Antryx Kirin Gold Evo II 1000W, 80 Plus Gold, modular ATV3.0, Pcie 5.0",Antryx,PSU,coolbox_pe,199.73,10047321,42,VIGENTE,0.9983,0.0009,0.0008,0.0012
"Fuente de poder Antryx Kirin 850 GOLD, 850W, 80 Plus Gold, modular (reempacado) | marca: Antryx | categoria: PSU | fuente: coolbox_pe | precio: 109.79 USD | descuento: 2500%",EN_RIESGO,1,0.72,numeric,,"Fuente de poder Antryx Kirin 850 GOLD, 850W, 80 Plus Gold, modular (reempacado)",Antryx,PSU,coolbox_pe,109.79,10067164,43,EN_RIESGO,0.0011,0.9981,0.0008,0.4999
Fuente de poder Seasonic Focus GX-1000W 80 Plus Gold Modular PCIE5.0 | marca: Seasonic | categoria: PSU | fuente: coolbox_pe | precio: 293.07 USD,VIGENTE,0,0.4,default,,Fuente de poder Seasonic Focus GX-1000W 80 Plus Gold Modular PCIE5.0,Seasonic,PSU,coolbox_pe,293.07,10041904,44,VIGENTE,0.9983,0.0009,0.0009,0.0013
"Fuente de poder Seasonic A12 500W, 80 Plus White | marca: Antryx | categoria: PSU | fuente: coolbox_pe | precio: 66.4 USD",VIGENTE,0,0.4,default,,"Fuente de poder Seasonic A12 500W, 80 Plus White",Antryx,PSU,coolbox_pe,66.4,10047323,45,VIGENTE,0.9981,0.0011,0.0008,0.0014
"Fuente de poder Seasonic A12 500W, 80 Plus White (reempacado) | marca: Antryx | categoria: PSU | fuente: coolbox_pe | precio: 49.79 USD | descuento: 2500%",EN_RIESGO,1,0.72,numeric,,"Fuente de poder Seasonic A12 500W, 80 Plus White (reempacado)",Antryx,PSU,coolbox_pe,49.79,10067161,46,EN_RIESGO,0.0008,0.9983,0.0008,0.5
"Fuente de poder Antryx Kirin Gold Evo II 1200W, 80 Plus Gold, modular ATV3.0, Pcie 5.0 | marca: Antryx | categoria: PSU | fuente: coolbox_pe | precio: 239.73 USD",VIGENTE,0,1.0,lexical,pcie 5.0,"Fuente de poder Antryx Kirin Gold Evo II 1200W, 80 Plus Gold, modular ATV3.0, Pcie 5.0",Antryx,PSU,coolbox_pe,239.73,10047322,47,VIGENTE,0.9983,0.0008,0.0009,0.0013
"Sistema de enfriamiento líquido Triton Infinity 240, negro | marca: Antryx | categoria: COOLER | fuente: coolbox_pe | precio: 114.4 USD",VIGENTE,0,0.4,default,,"Sistema de enfriamiento líquido Triton Infinity 240, negro",Antryx,COOLER,coolbox_pe,114.4,10041876,48,VIGENTE,0.9983,0.0008,0.0008,0.0013
"Cooler para CPU Be Quiet! Dark Rock Slim BK024, LGA1700, AM5 | marca: Be Quiet | categoria: COOLER | fuente: coolbox_pe | precio: 79.73 USD | descuento: 2310%",EN_RIESGO,1,0.71,consensus,lga1700,"Cooler para CPU Be Quiet! Dark Rock Slim BK024, LGA1700, AM5",Be Quiet,COOLER,coolbox_pe,79.73,27467,49,EN_RIESGO,0.0009,0.9983,0.0008,0.4999
"Cooler procesador Antryx Mirage Infinity black, ARGB | marca: Antryx | categoria: COOLER | fuente: coolbox_pe | precio: 42.4 USD",VIGENTE,0,0.4,default,,"Cooler procesador Antryx Mirage Infinity black, ARGB",Antryx,COOLER,coolbox_pe,42.4,10051027,50,VIGENTE,0.9982,0.0008,0.001,0.0014
Cooler para procesador Antryx Mirage 410 ARGB | marca: Antryx | categoria: COOLER | fuente: coolbox_pe | precio: 31.73 USD,VIGENTE,0,0.4,default,,Cooler para procesador Antryx Mirage 410 ARGB,Antryx,COOLER,coolbox_pe,31.73,10047333,51,VIGENTE,0.9983,0.0008,0.0009,0.0013
"Sistema de enfriamiento líquido Triton Infinity 360, negro | marca: Antryx | categoria: COOLER | fuente: coolbox_pe | precio: 146.4 USD",VIGENTE,0,0.4,default,,"Sistema de enfriamiento líquido Triton Infinity 360, negro",Antryx,COOLER,coolbox_pe,146.4,10041877,52,VIGENTE,0.9983,0.001,0.0007,0.0012
"Reacondicionado: Cooler para procesador Antryx Mirage 410 ARGB, Intel/Amd | marca: Antryx | categoria: COOLER | fuente: coolbox_pe | precio: 17.2 USD | descuento: 5000%",EN_RIESGO,1,0.72,numeric,,"Reacondicionado: Cooler para procesador Antryx Mirage 410 ARGB, Intel/Amd",Antryx,COOLER,coolbox_pe,17.2,10067158,53,EN_RIESGO,0.0008,0.9984,0.0008,0.5
"Cooler procesador Antryx Mirage 530, ARGB, fan 130mm | marca: Antryx | categoria: COOLER | fuente: coolbox_pe | precio: 66.4 USD",VIGENTE,0,0.4,default,,"Cooler procesador Antryx Mirage 530, ARGB, fan 130mm",Antryx,COOLER,coolbox_pe,66.4,10051025,54,VIGENTE,0.9983,0.001,0.0007,0.0012
"Sistema de refrigeración líquida MSI MPG Coreliquid K360, 360mm, 3-FAN, pantalla LCD 2.4"" | marca: Msi | categoria: COOLER | fuente: coolbox_pe | precio: 426.4 USD",VIGENTE,0,0.4,default,,"Sistema de refrigeración líquida MSI MPG Coreliquid K360, 360mm, 3-FAN, pantalla LCD 2.4""",Msi,COOLER,coolbox_pe,426.4,6682,55,VIGENTE,0.9983,0.0009,0.0009,0.0013
"Cooler procesador Antryx Mirage 550 Plus, ARGB, fan 130mm x2 | marca: Antryx | categoria: COOLER | fuente: coolbox_pe | precio: 69.07 USD",VIGENTE,0,0.4,default,,"Cooler procesador Antryx Mirage 550 Plus, ARGB, fan 130mm x2",Antryx,COOLER,coolbox_pe,69.07,10051026,56,VIGENTE,0.9983,0.001,0.0007,0.0012
"Sistema de refrigeración líquida MSI MPG Coreliquid K240, ARGB, 240 mm, 2 FAN, pantalla LCD 2.4"" | marca: Msi | categoria: COOLER | fuente: coolbox_pe | precio: 266.4 USD",VIGENTE,0,0.4,default,,"Sistema de refrigeración líquida MSI MPG Coreliquid K240, ARGB, 240 mm, 2 FAN, pantalla LCD 2.4""",Msi,COOLER,coolbox_pe,266.4,6681,57,VIGENTE,0.9983,0.0008,0.0009,0.0013
"Cooler procesador Antryx Mirage Infinity white, ARGB | marca: Antryx | categoria: COOLER | fuente: coolbox_pe | precio: 71.73 USD",VIGENTE,0,0.4,default,,"Cooler procesador Antryx Mirage Infinity white, ARGB",Antryx,COOLER,coolbox_pe,71.73,10051028,58,VIGENTE,0.9982,0.0011,0.0007,0.0013
"Cooler procesador Antryx Mirage 310N, fan 92mm | marca: Antryx | categoria: COOLER | fuente: coolbox_pe | precio: 61.07 USD",VIGENTE,0,0.4,default,,"Cooler procesador Antryx Mirage 310N, fan 92mm",Antryx,COOLER,coolbox_pe,61.07,10051023,59,VIGENTE,0.9983,0.001,0.0007,0.0012
"Gabinete Antryx RX-250, USB3.0, FRGB FAN X4, panel lateral de vidrio templado | marca: Antryx | categoria: CASE | fuente: coolbox_pe | precio: 53.07 USD",VIGENTE,0,0.4,default,,"Gabinete Antryx RX-250, USB3.0, FRGB FAN X4, panel lateral de vidrio templado",Antryx,CASE,coolbox_pe,53.07,10051005,60,VIGENTE,0.9983,0.0009,0.0008,0.0013
"Gabinete Antryx RX-260 BLACK, USB3.0, FRGB FAN X4, panel lateral de vidrio templado | marca: Antryx | categoria: CASE | fuente: coolbox_pe | precio: 58.4 USD",VIGENTE,0,0.4,default,,"Gabinete Antryx RX-260 BLACK, USB3.0, FRGB FAN X4, panel lateral de vidrio templado",Antryx,CASE,coolbox_pe,58.4,10051006,61,VIGENTE,0.9983,0.0009,0.0009,0.0013
"Gabinete Antryx RX-270, USB3.0, FRGB FAN X4, panel lateral de vidrio templado | marca: Antryx | categoria: CASE | fuente: coolbox_pe | precio: 53.07 USD",VIGENTE,0,0.4,default,,"Gabinete Antryx RX-270, USB3.0, FRGB FAN X4, panel lateral de vidrio templado",Antryx,CASE,coolbox_pe,53.07,10051008,62,VIGENTE,0.9984,0.0009,0.0007,0.0012
"Gabinete Cooler Master HAF 700 EVO ARGB, Mini-ITX / Micro-ATX /ATX/SSI CEB/SSI EEB/E-ATX, Panel lateral vidrio templado, sin fuente, negro | marca: Cooler Master | categoria: CASE | fuente: coolbox_pe | precio: 533.07 USD",VIGENTE,0,0.4,default,,"Gabinete Cooler Master HAF 700 EVO ARGB, Mini-ITX / Micro-ATX /ATX/SSI CEB/SSI EEB/E-ATX, Panel lateral vidrio templado, sin fuente, negro",Cooler Master,CASE,coolbox_pe,533.07,10041872,63,VIGENTE,0.9983,0.0009,0.0007,0.0012
"Gabinete Antryx XM-330 Xtreme, ITX/Micro ATX, Panel lateral vidrio templado, con fuente 500W | marca: Antryx | categoria: CASE | fuente: coolbox_pe | precio: 79.73 USD",VIGENTE,0,0.4,default,,"Gabinete Antryx XM-330 Xtreme, ITX/Micro ATX, Panel lateral vidrio templado, con fuente 500W",Antryx,CASE,coolbox_pe,79.73,10041874,64,VIGENTE,0.9984,0.0009,0.0007,0.0012
"Gabinete Antryx FX730 ARGB, ATX/M-ATX/ITX, 4 ventiladores, Panel lateral vidrio templado, sin fuente, blanco | marca: Antryx | categoria: CASE | fuente: coolbox_pe | precio: 106.4 USD",VIGENTE,0,0.4,default,,"Gabinete Antryx FX730 ARGB, ATX/M-ATX/ITX, 4 ventiladores, Panel lateral vidrio templado, sin fuente, blanco",Antryx,CASE,coolbox_pe,106.4,10041869,65,VIGENTE,0.9984,0.0009,0.0008,0.0012
"Gabinete Antryx Elegant 650 Black, incluye USB 3.0, panel frontal con malla metálica, con fuente 350w | marca: Antryx | categoria: CASE | fuente: coolbox_pe | precio: 53.07 USD",VIGENTE,0,0.4,default,,"Gabinete Antryx Elegant 650 Black, incluye USB 3.0, panel frontal con malla metálica, con fuente 350w",Antryx,CASE,coolbox_pe,53.07,10047313,66,VIGENTE,0.9983,0.0009,0.0007,0.0012
"Gabinete Cooler Master Masterbox MB520 Mesh, Mini-ITX / Micro-ATX /ATX/SSI CEB, Panel lateral vidrio templado, sin fuente, blanco | marca: Cooler Master | categoria: CASE | fuente: coolbox_pe | precio: 117.07 USD",VIGENTE,0,0.4,default,,"Gabinete Cooler Master Masterbox MB520 Mesh, Mini-ITX / Micro-ATX /ATX/SSI CEB, Panel lateral vidrio templado, sin fuente, blanco",Cooler Master,CASE,coolbox_pe,117.07,10041873,67,VIGENTE,0.9983,0.0009,0.0007,0.0012
"Gabinete Antryx Xtreme Neo II Black, incluye 2 ventiladores Chrome Storm, panel lateral de vidrio templado, con fuente B500w | marca: Antryx | categoria: CASE | fuente: coolbox_pe | precio: 79.73 USD",VIGENTE,0,0.4,default,,"Gabinete Antryx Xtreme Neo II Black, incluye 2 ventiladores Chrome Storm, panel lateral de vidrio templado, con fuente B500w",Antryx,CASE,coolbox_pe,79.73,10047308,68,VIGENTE,0.9984,0.0009,0.0007,0.0012
"Gabinete Antryx RX-450, ATX/Full ATX/Micro ATX, ventilador ARGB/cinta LED, Panel lateral vidrio templado, sin fuente, negro | marca: Antryx | categoria: CASE | fuente: coolbox_pe | precio: 79.73 USD",VIGENTE,0,0.4,default,,"Gabinete Antryx RX-450, ATX/Full ATX/Micro ATX, ventilador ARGB/cinta LED, Panel lateral vidrio templado, sin fuente, negro",Antryx,CASE,coolbox_pe,79.73,10041867,69,VIGENTE,0.9984,0.0009,0.0007,0.0012
"Gabinete Antryx RX-260 WHITE, USB3.0, FRGB FAN X4, panel lateral de vidrio templado | marca: Antryx | categoria: CASE | fuente: coolbox_pe | precio: 63.73 USD",VIGENTE,0,0.4,default,,"Gabinete Antryx RX-260 WHITE, USB3.0, FRGB FAN X4, panel lateral de vidrio templado",Antryx,CASE,coolbox_pe,63.73,10051007,70,VIGENTE,0.9983,0.0009,0.0008,0.0012
"Gabinete Antryx Xtreme Micro XM-310 Black, USB 3.0, con fuente B500w | marca: Antryx | categoria: CASE | fuente: coolbox_pe | precio: 66.4 USD",VIGENTE,0,0.4,default,,"Gabinete Antryx Xtreme Micro XM-310 Black, USB 3.0, con fuente B500w",Antryx,CASE,coolbox_pe,66.4,10047318,71,VIGENTE,0.9983,0.0009,0.0008,0.0013
"Gabinete Antryx Xtreme E250 Plus Black, USB 3.0, con fuente B450w | marca: Antryx | categoria: CASE | fuente: coolbox_pe | precio: 119.73 USD",VIGENTE,0,0.4,default,,"Gabinete Antryx Xtreme E250 Plus Black, USB 3.0, con fuente B450w",Antryx,CASE,coolbox_pe,119.73,10047317,72,VIGENTE,0.9983,0.0009,0.0009,0.0013
"Gabinete Antryx FX Cruiser Black, incluye 3 ventiladores ARGB, panel lateral de vidrio templado, malla frontal, sin fuente | marca: Antryx | categoria: CASE | fuente: coolbox_pe | precio: 106.4 USD",VIGENTE,0,0.4,default,,"Gabinete Antryx FX Cruiser Black, incluye 3 ventiladores ARGB, panel lateral de vidrio templado, malla frontal, sin fuente",Antryx,CASE,coolbox_pe,106.4,10047311,73,VIGENTE,0.9983,0.0008,0.0009,0.0013
"Gabinete Antryx RX-430U Black, incluye 1 ventiladores ARGB + barra de luz ARGB, panel lateral de vidrio templado, con fuente B600w | marca: Antryx | categoria: CASE | fuente: coolbox_pe | precio: 93.07 USD",VIGENTE,0,0.4,default,,"Gabinete Antryx RX-430U Black, incluye 1 ventiladores ARGB + barra de luz ARGB, panel lateral de vidrio templado, con fuente B600w",Antryx,CASE,coolbox_pe,93.07,10047306,74,VIGENTE,0.9983,0.0009,0.0008,0.0013
"Gabinete Antryx Xtreme Slim Micro ATX/Mini-ITX, con fuente 300W | marca: Antryx | categoria: CASE | fuente: coolbox_pe | precio: 53.07 USD",VIGENTE,0,0.4,default,,"Gabinete Antryx Xtreme Slim Micro ATX/Mini-ITX, con fuente 300W",Antryx,CASE,coolbox_pe,53.07,10042971,75,VIGENTE,0.9984,0.0009,0.0007,0.0012
"Gabinete Antryx Xtreme NC-253 Black, incluye una barra lateral ARGB, panel lateral de vidrio templado, con fuente B500w | marca: Antryx | categoria: CASE | fuente: coolbox_pe | precio: 79.73 USD",VIGENTE,0,0.4,default,,"Gabinete Antryx Xtreme NC-253 Black, incluye una barra lateral ARGB, panel lateral de vidrio templado, con fuente B500w",Antryx,CASE,coolbox_pe,79.73,10047309,76,VIGENTE,0.9983,0.0009,0.0008,0.0012
"Gabinete Antryx RX-430U Black USB 3.0, incluye 1 ventiladores ARGB, barra de luz ARGB, panel lateral de vidrio templado, sin fuente | marca: Antryx | categoria: CASE | fuente: coolbox_pe | precio: 69.07 USD",VIGENTE,0,0.4,default,,"Gabinete Antryx RX-430U Black USB 3.0, incluye 1 ventiladores ARGB, barra de luz ARGB, panel lateral de vidrio templado, sin fuente",Antryx,CASE,coolbox_pe,69.07,10047315,77,VIGENTE,0.9983,0.0009,0.0008,0.0012
"Gabinete Antryx RX-460 white, incluye 2 ventiladores ARGB, panel lateral de vidrio templado, sin fuente | marca: Antryx | categoria: CASE | fuente: coolbox_pe | precio: 79.73 USD",VIGENTE,0,0.4,default,,"Gabinete Antryx RX-460 white, incluye 2 ventiladores ARGB, panel lateral de vidrio templado, sin fuente",Antryx,CASE,coolbox_pe,79.73,10047310,78,VIGENTE,0.9984,0.0009,0.0008,0.0012
"Gabinete Antryx Xtreme Slim XS-120 MATX USB 3.0, panel con proceso de estampado, con fuente 350W | marca: Antryx | categoria: CASE | fuente: coolbox_pe | precio: 66.4 USD",VIGENTE,0,0.4,default,,"Gabinete Antryx Xtreme Slim XS-120 MATX USB 3.0, panel con proceso de estampado, con fuente 350W",Antryx,CASE,coolbox_pe,66.4,10051009,79,VIGENTE,0.9983,0.0009,0.0008,0.0012
"Gabinete Antryx RX-460 Mesh Black USB 3.0, incluye 2 ventiladores ARGB, panel lateral de vidrio templado, sin fuente | marca: Antryx | categoria: CASE | fuente: coolbox_pe | precio: 71.73 USD",VIGENTE,0,0.4,default,,"Gabinete Antryx RX-460 Mesh Black USB 3.0, incluye 2 ventiladores ARGB, panel lateral de vidrio templado, sin fuente",Antryx,CASE,coolbox_pe,71.73,10047314,80,VIGENTE,0.9983,0.0009,0.0008,0.0012
"Gabinete Antryx Xtreme NC-257 Black, 1 ventilador ARGB, barra lateral ARGB, panel lateral de vidrio templado, con fuente B500w | marca: Antryx | categoria: CASE | fuente: coolbox_pe | precio: 87.73 USD",VIGENTE,0,0.4,default,,"Gabinete Antryx Xtreme NC-257 Black, 1 ventilador ARGB, barra lateral ARGB, panel lateral de vidrio templado, con fuente B500w",Antryx,CASE,coolbox_pe,87.73,10047312,81,VIGENTE,0.9983,0.0009,0.0007,0.0012
