sku_local,source_local,title_local,model_key_local,price_local,category_local,sku_import,source_import,title_import,model_key_import,price_import,category_import,match_score,price_ratio,gap_usd,gap_pct,category,price_import_real_opt,overhead_pct_opt,gap_pct_real_opt,conviene_local_opt,price_import_real_base,overhead_pct_base,gap_pct_real_base,conviene_local_base,price_import_real_cons,overhead_pct_cons,gap_pct_real_cons,conviene_local_cons,precio_venta_bruto,costo_operativo_usd,precio_venta_est,ganancia_unitaria_bruta,roi_unitario_pct,ganancia_esperada,roi_esperado_pct,demanda_cat,score_confianza,score_demanda,score_roi_ponderado,rank
144603240,falabella_pe,Procesador Core i7 14700 2.10-5.40Ghz 33MB Smart Cache LGA1700,LGA1700,559.07,CPU,3256809336260032,aliexpress,6* I225-V Gigabit Nic Qotom motherboard with 12th/13th Gen Alder Lake-S LGA1700 Core I3 I5 I7 Processor,LGA1700,140.0,CPU,100.0,3.993357142857143,419.0700000000001,299.3357142857143,cpu,186.72,33.4,199.4162382176521,0,197.76,41.3,182.70125404530748,0,221.33,58.1,152.59567162156057,0,363.4,18.17,345.23,147.47,74.57,95.69,48.39,1.3,1.0,1.3,0.9415,1
154121378,falabella_pe,Procesador Ryzen 5 9600 3.80-5.20Ghz 32Mb 6C Am5 Con Gráficos Radeon,RYZEN 5 9600,579.63,procesadores,v1|127132029628|428244809810,ebay_usa,AMD RYZEN 5 9600X 8600G 8500G 8400F 7600X 7500F 7400F Socket AM5 Zen4 CPU,RYZEN 5 9600X,145.2,unknown,96.0,3.991942148760331,434.43,299.1942148760332,procesadores,193.21,33.1,200.0,0,204.44,40.8,183.5208374095089,0,228.6,57.4,153.5564304461942,0,376.76,18.84,357.92,153.48,75.07,99.79,48.81,1.3,0.96,1.248,0.9328,2
144347926,falabella_pe,"Procesador Ryzen 5 7600X, 6 Núcleos, 4.7-5.3Ghz, 32Mb L3, Arquitectura Am5, 105W",RYZEN 5 7600X | 105W,570.8,procesadores,v1|137388963988|0,ebay_usa,AMD Ryzen 5 7600x - 4.7 GHz - 6-core processor - Socket AM5 - 105W,RYZEN 5 7600X | 105W,144.99,unknown,100.0,3.93682322918822,425.81,293.682322918822,procesadores,192.95,33.1,195.82793469810832,0,204.17,40.8,179.57094578047705,0,228.31,57.5,150.01095002409005,0,371.02,18.55,352.47,148.3,72.64,95.43,46.74,1.3,1.0,1.3,0.9212,3
148258384,falabella_pe,DISCO DURO SOLIDO 1TB M.2 2230 NVMe PCIe 4.0 1TB SNV3SM3/1T0,1TB M.2,493.39,SSD,B01N10L1XS,amazon_usa,"KingSpec 1TB M.2 SATA 2280 SSD NOT for NVMe Slots, Upgrade for Laptop/Desktop, SATA III 6Gb/s, B+M Key, Up to 550MB/s",1TB M.2,125.97,SSD,100.0,3.916726204651901,367.42,291.6726204651901,ssd,169.21,34.3,191.58442172448437,0,179.75,42.7,174.48678720445062,0,201.7,60.1,144.61576598909272,0,320.7,16.04,304.66,124.91,69.49,79.21,44.07,1.4,1.0,1.4,0.9151,4
145505387,falabella_pe,Monitor gaming G Pro 27i de 27 2K QHD Fast IPS 180Hz 1Ms,180HZ,558.63,monitores,v1|176454841516|0,ebay_usa,"Z-EDGE UG27 1080P FHD 180Hz 1ms Curved Gaming Monitor, FreeSync, HDMI 2.0, DP1.4",180HZ,139.99,unknown,100.0,3.9904993213800974,418.64,299.0499321380098,monitores,186.71,33.4,199.19661507150124,0,197.75,41.3,182.4930467762326,0,221.31,58.1,152.41968279788532,0,363.11,18.16,344.95,147.2,74.44,95.46,48.27,1.2,1.0,1.2,0.9134,5
145370839,falabella_pe,Monitor gaming G Pro 27i de 27 2K QHD Fast IPS 180Hz 1Ms,180HZ,558.63,monitores,v1|176454841516|0,ebay_usa,"Z-EDGE UG27 1080P FHD 180Hz 1ms Curved Gaming Monitor, FreeSync, HDMI 2.0, DP1.4",180HZ,139.99,unknown,100.0,3.9904993213800974,418.64,299.0499321380098,monitores,186.71,33.4,199.19661507150124,0,197.75,41.3,182.4930467762326,0,221.31,58.1,152.41968279788532,0,363.11,18.16,344.95,147.2,74.44,95.46,48.27,1.2,1.0,1.2,0.9134,6
138468353,falabella_pe,Monitor Curvo Gaming G34WQi de 34 WQHD 3440x1440 180Hz 1ms,180HZ,558.63,monitores,v1|176454841516|0,ebay_usa,"Z-EDGE UG27 1080P FHD 180Hz 1ms Curved Gaming Monitor, FreeSync, HDMI 2.0, DP1.4",180HZ,139.99,unknown,100.0,3.9904993213800974,418.64,299.0499321380098,monitores,186.71,33.4,199.19661507150124,0,197.75,41.3,182.4930467762326,0,221.31,58.1,152.41968279788532,0,363.11,18.16,344.95,147.2,74.44,95.46,48.27,1.2,1.0,1.2,0.9134,7
128512749,falabella_pe,Disco duro Western Digital WD Purple 1TB SATA 6.0 Gbs 5400 64MB 3.5,1TB SATA,491.63,discos_ssd,B0CG1S9XDD,amazon_usa,"ORICO 1TB SATA SSD 2.5 Inch Internal Solid State Drive, Read Speed up to 500MB/s, SATA III 6Gbps for Desktop Laptop NAS DIY External Drive - Y20",1TB SATA,125.99,SSD,100.0,3.902135090086515,365.64,290.21350900865144,discos_ssd,169.24,34.3,190.49279130229257,0,179.77,42.7,173.47722089336375,0,201.73,60.1,143.70693501214492,0,319.56,15.98,303.58,123.81,68.87,78.27,43.54,1.4,1.0,1.4,0.9086,8
127971840,falabella_pe,Procesador Core i7 14700KF 3.4 GHz-5.4 GHz Cache 33MB LGA1700,LGA1700,548.9,CPU,3256809336260032,aliexpress,6* I225-V Gigabit Nic Qotom motherboard with 12th/13th Gen Alder Lake-S LGA1700 Core I3 I5 I7 Processor,LGA1700,140.0,CPU,100.0,3.920714285714285,408.9,292.07142857142856,cpu,186.72,33.4,193.9695801199657,0,197.76,41.3,177.5586569579288,0,221.33,58.1,148.00072290245333,0,356.78,17.84,338.94,141.18,71.39,90.34,45.68,1.3,1.0,1.3,0.9082,9
133734193,falabella_pe,Procesador Ryzen 7 7700X 4 5 a 5 4GHz 32MB L3 8-Core AM5 105W,RYZEN 7 7700X | 105W,660.5,procesadores,v1|127716678238|0,ebay_usa,AMD Ryzen 5 7600X - 6-Core 4.7 GHz - Socket AM5 - 105W Desktop Processor - NEW,RYZEN 5 7600X | 105W,169.88,unknown,90.0,3.8880386154932896,490.62,288.80386154932893,procesadores,224.01,31.9,194.8529083523057,0,236.13,39.0,179.7187989666709,0,323.14,90.2,104.40056941263848,0,429.32,21.47,407.85,171.72,72.72,110.54,46.81,1.3,0.9,1.17,0.8874,10
149918609,falabella_pe,Memoria Ram Hyperx Fury Impact 16Gb Ddr4 3200Mhz Sodimm Para Laptop - Alto Rendim,16GB DDR4 3200MHZ,382.4,memorias_ram,B07QQVPQVS,amazon_usa,Timetec 16GB DDR4 3200MHz (PC4-3200AA) PC4-25600 UDIMM Desktop RAM – 288-Pin 1.2V CL22 Non-ECC Unbuffered DIMM Memory Module Upgrade,16GB DDR4 3200MHZ,97.99,RAM,100.0,3.902439024390244,284.41,290.2439024390244,memorias_ram,134.29,37.0,184.75686946161292,0,143.82,46.8,165.8879154498679,0,162.55,65.9,135.25069209474006,0,248.56,12.43,236.13,92.31,64.18,56.89,39.56,1.5,1.0,1.5,0.8863,11
149918609,falabella_pe,Memoria Ram Hyperx Fury Impact 16Gb Ddr4 3200Mhz Sodimm Para Laptop - Alto Rendim,16GB DDR4 3200MHZ,382.4,memorias_ram,B08QR2YGKX,amazon_usa,Samsung 16GB DDR4 3200MHz SODIMM PC4-25600 CL22 2Rx8 1.2V 260-Pin SO-DIMM Laptop Notebook RAM Memory Module M471A2K43DB1-CWE,16GB DDR4 3200MHZ,99.0,RAM,100.0,3.862626262626262,283.4,286.2626262626262,memorias_ram,135.55,36.9,182.1099225378089,0,145.12,46.6,163.50606394707825,0,163.96,65.6,133.22761649182723,0,248.56,12.43,236.13,91.01,62.71,55.59,38.31,1.5,1.0,1.5,0.8709,12
152399836,falabella_pe,Memoria RAM TETT16G3200BU4C16 16GB DDR4 3200MHz,16GB DDR4 3200MHZ,375.57,memorias_ram,B07QQVPQVS,amazon_usa,Timetec 16GB DDR4 3200MHz (PC4-3200AA) PC4-25600 UDIMM Desktop RAM – 288-Pin 1.2V CL22 Non-ECC Unbuffered DIMM Memory Module Upgrade,16GB DDR4 3200MHZ,97.99,RAM,100.0,3.832738034493316,277.58,283.2738034493316,memorias_ram,134.29,37.0,179.67086156824783,0,143.82,46.8,161.1389236545682,0,162.55,65.9,131.04890802829897,0,244.12,12.21,231.91,88.09,61.25,53.3,37.06,1.5,1.0,1.5,0.8556,13
152675400,falabella_pe,"Módulo Ram 32Gb Ddr4 3200Mhz Para Workstation Y Desktop, Dimm No Ecc, Alto Rendim",32GB DDR4 3200MHZ,600.24,memorias_ram,B0GHSVS8T6,amazon_usa,ADATA 32GB DDR4 3200MHz Desktop RAM Memory Module | 1x32GB UDIMM PC4-25600 | CL22 Non-ECC Unbuffered | 288-Pin DIMM for Desktop PCs | AD4U320032G22-SGN,32GB DDR4 3200MHZ,165.0,RAM,100.0,3.637818181818182,435.24,263.7818181818182,memorias_ram,217.92,32.1,175.44052863436127,0,229.86,39.3,161.13286348211955,0,316.31,91.7,89.76320698049382,0,390.16,19.51,370.65,140.79,61.25,85.19,37.06,1.5,1.0,1.5,0.8556,14
139191751,falabella_pe,Procesador Ryzen 5 7600X 4.70-5.30Ghz Cache L3 32MB Socket AM5,RYZEN 5 7600X,528.59,procesadores,v1|115712758959|0,ebay_usa,"AMD Ryzen 5 7600X Processor (4.7 GHz, 6 Cores, Socket AM5)",RYZEN 5 7600X,139.99,unknown,100.0,3.7759125651832273,388.6,277.5912565183227,procesadores,186.71,33.4,183.1074929034331,0,197.75,41.3,167.30214917825538,0,221.31,58.1,138.84596267678825,0,343.58,17.18,326.4,128.65,65.06,79.69,40.3,1.3,1.0,1.3,0.8421,15
152399836,falabella_pe,Memoria RAM TETT16G3200BU4C16 16GB DDR4 3200MHz,16GB DDR4 3200MHZ,375.57,memorias_ram,B08QR2YGKX,amazon_usa,Samsung 16GB DDR4 3200MHz SODIMM PC4-25600 CL22 2Rx8 1.2V 260-Pin SO-DIMM Laptop Notebook RAM Memory Module M471A2K43DB1-CWE,16GB DDR4 3200MHZ,99.0,RAM,100.0,3.793636363636364,276.57,279.3636363636364,memorias_ram,135.55,36.9,177.07119144227218,0,145.12,46.6,158.79961411245864,0,163.96,65.6,129.061966333252,0,244.12,12.21,231.91,86.79,59.81,52.0,35.83,1.5,1.0,1.5,0.8404,16
155289298,falabella_pe,MEMORIA VENGEANCE LPX 16GB DDR4 a 3200 MHz C16,16GB DDR4,440.15,memorias_ram,B08C56GZGK,amazon_usa,"Crucial 16GB DDR4 RAM, 3200MHz (PC4-25600) CL22 Desktop Memory, UDIMM 288-Pin, Downclockable to 2933/2666MHz, Compatible with Intel and AMD Ryzen - CT16G4DFRA32A",16GB DDR4,119.62,RAM,100.0,3.6795686340076905,320.53,267.95686340076907,memorias_ram,161.29,34.8,172.8935457870916,0,171.59,43.4,156.51261728538955,0,192.81,61.2,128.2817281261345,0,286.1,14.31,271.79,100.2,58.4,59.43,34.63,1.5,1.0,1.5,0.8257,17
152177507,falabella_pe,PROCESADOR CORE I5-10600K 4.10GHZ-4.80GHZ P-N BX8070110600K,CORE I5-10600K | I5-10600K | BX8070110600K,394.52,CPU,v1|307068580943|0,ebay_usa,"Intel Core i5-13600K Processor (5.1 GHz, 14 Cores, LGA 1700) Box - BX8071513600K",CORE I5-13600K | I5-13600K | BX8071513600K,100.0,unknown,90.47619047619048,3.9452,294.52,294.52,cpu,136.8,36.8,188.39181286549703,0,146.4,46.4,169.4808743169399,0,165.36,65.4,138.58248669569423,0,256.44,12.82,243.62,97.22,66.41,60.68,41.45,1.3,0.9047619047619048,1.1762,0.8232,18
152521933,falabella_pe,Monitor gamer curvo 32 pulgadas QHD 180Hz 1ms UltraGear 32G600A-B,180HZ,529.21,monitores,v1|176454841516|0,ebay_usa,"Z-EDGE UG27 1080P FHD 180Hz 1ms Curved Gaming Monitor, FreeSync, HDMI 2.0, DP1.4",180HZ,139.99,unknown,100.0,3.7803414529609256,389.22,278.03414529609256,monitores,186.71,33.4,183.43955867387928,0,197.75,41.3,167.6156763590392,0,221.31,58.1,139.12611269260316,0,343.99,17.2,326.79,129.04,65.25,80.02,40.47,1.2,1.0,1.2,0.8175,19
153887977,falabella_pe,Monitor gamer curvo UltraGear 32 pulgadas QHD 180Hz 1ms FreeSync HDR 32G600A-B,180HZ,529.21,monitores,v1|176454841516|0,ebay_usa,"Z-EDGE UG27 1080P FHD 180Hz 1ms Curved Gaming Monitor, FreeSync, HDMI 2.0, DP1.4",180HZ,139.99,unknown,100.0,3.7803414529609256,389.22,278.03414529609256,monitores,186.71,33.4,183.43955867387928,0,197.75,41.3,167.6156763590392,0,221.31,58.1,139.12611269260316,0,343.99,17.2,326.79,129.04,65.25,80.02,40.47,1.2,1.0,1.2,0.8175,20
155077913,falabella_pe,PROCESADOR RYZEN 5 9600x 3.90-5.40 Ghz,RYZEN 5 9600X,396.18,procesadores,v1|187516494752|695378535112,ebay_usa,AMD RYZEN 5 9600X 8600G 8500G 8400F 7600X 7600 7500F 7400F Socket AM5 Zen4 CPU,RYZEN 5 9600X,103.5,unknown,100.0,3.827826086956522,292.68,282.7826086956522,procesadores,141.17,36.4,180.64036268328968,0,150.89,45.8,162.5621313539665,0,170.26,64.5,132.69117819805004,0,257.52,12.88,244.64,93.75,62.13,57.05,37.81,1.3,1.0,1.3,0.8114,21
155811419,falabella_pe,"Monitor Curvo UltraGear 32G600A-B, 32"" VA, QHD 2560 x 1440, 180Hz, 1ms, FreeSync, HDR10","32"" | 180HZ",587.08,monitores,v1|157990840431|0,ebay_usa,"LG UltraGear 27GS75Q-B.AUS 27"" QHD Gaming Monitor 180Hz IPS HDR10 Black read","27"" | 180HZ",155.99,unknown,90.9090909090909,3.763574588114623,431.09,276.3574588114623,monitores,206.68,32.5,184.05264176504744,0,218.29,39.9,168.9449814466994,0,243.7,56.2,140.902749281904,0,381.6,19.08,362.52,144.23,66.07,89.85,41.16,1.2,0.9090909090909091,1.0909,0.7969,22
155289298,falabella_pe,MEMORIA VENGEANCE LPX 16GB DDR4 a 3200 MHz C16,16GB DDR4,440.15,memorias_ram,B08C4WV6FT,amazon_usa,"Crucial 16GB DDR4 RAM Kit (2x8GB), 3200MHz (PC4-25600), Downclockable to 2933/2666MHz Laptop Memory SODIMM 260-Pin, Compatible with 13th Gen Intel Core and AMD Ryzen 7000 - CT2K8G4SFRA32A",16GB DDR4,122.0,RAM,100.0,3.607786885245901,318.15,260.77868852459017,memorias_ram,164.26,34.6,167.9593327651285,0,174.65,43.2,152.01832235900372,0,196.14,60.8,124.40603650453758,0,286.1,14.31,271.79,97.14,55.62,56.37,32.28,1.5,1.0,1.5,0.7968,23
128512749,falabella_pe,Disco duro Western Digital WD Purple 1TB SATA 6.0 Gbs 5400 64MB 3.5,1TB SATA,491.63,discos_ssd,B07F8RHZXM,amazon_usa,"Addlink S20 1TB SATA III SSD 2.5 Inch Internal Solid State Drive 3D NAND with SLC Caching, Up to 500MB/s, HDD Replacement Upgrade for Laptop, Desktop PC, PS4 (ad1TBS20S3S)",1TB SATA,136.44,SSD,100.0,3.60326883611844,355.19,260.32688361184404,discos_ssd,182.28,33.6,169.71143296028092,0,193.19,41.6,154.48004555101195,0,216.35,58.6,127.23827131962098,0,319.56,15.98,303.58,110.39,57.14,64.85,33.57,1.4,1.0,1.4,0.786,24
155990451,falabella_pe,PROCESADOR CORE I5-14600K 3.50-5.30GHZ P-N BX8071514600K,CORE I5-14600K | I5-14600K | BX8071514600K,383.42,CPU,v1|307068580943|0,ebay_usa,"Intel Core i5-13600K Processor (5.1 GHz, 14 Cores, LGA 1700) Box - BX8071513600K",CORE I5-13600K | I5-13600K | BX8071513600K,100.0,unknown,92.85714285714286,3.8342,283.42,283.42,cpu,136.8,36.8,180.27777777777777,0,146.4,46.4,161.89890710382514,0,165.36,65.4,131.86985970004835,0,249.22,12.46,236.76,90.36,61.72,54.85,37.47,1.3,0.9285714285714286,1.2071,0.7825,25
152676839,falabella_pe,Placa Tuf Gaming Z790-Plus Wifi Ddr5 Chipset Intel Lga1700 Conectividad Wifi,Z790 | LGA1700,400.06,MOTHERBOARD,B0BJYYFP3X,amazon_usa,"ASRock Z790 PG Sonic LGA1700 Motherboard, Intel 14th/13th/12th Gen Support, DDR5 7200+ OC, PCIe 5.0, Killer 2.5G LAN, Sonic Themed Design, 14+1+1 Power Phase",Z790 | LGA1700,103.49,MOTHERBOARD,100.0,3.865687506039231,296.57,286.5687506039231,motherboard,141.16,36.4,183.4088977047322,0,150.88,45.8,165.15111346765644,0,170.24,64.5,134.99765037593986,0,260.04,13.0,247.04,96.16,63.73,59.1,39.17,1.1,1.0,1.1,0.7748,26
151971397,falabella_pe,"Procesador Ryzen 5 7600, 3.8Ghz, 6 Núcleos, 32Mb Caché, Gráficos Radeon Y Ventilador I",RYZEN 5 7600,511.92,procesadores,v1|115712758959|0,ebay_usa,"AMD Ryzen 5 7600X Processor (4.7 GHz, 6 Cores, Socket AM5)",RYZEN 5 7600X,139.99,unknown,96.0,3.656832630902207,371.93,265.6832630902207,procesadores,186.71,33.4,174.17920839805046,0,197.75,41.3,158.87231352718078,0,221.31,58.1,131.3135420902806,0,332.75,16.64,316.11,118.36,59.85,70.94,35.87,1.3,0.96,1.248,0.7737,27
152657782,falabella_pe,MONITOR LED 24 IPS FHD 24G411A-B 144HZ 1MS DP/HDMI,144HZ,381.5,monitores,v1|117164085449|0,ebay_usa,MSI Optix G271 - 27” Gaming Monitor - IPS / 1080p / 144HZ / 1ms - PRE-OWNED,144HZ,99.99,unknown,100.0,3.815381538153816,281.51,281.5381538153816,monitores,136.79,36.8,178.89465604210835,0,146.39,46.4,160.60523259785506,0,165.35,65.4,130.72270940429394,0,247.98,12.4,235.58,89.19,60.93,53.85,36.79,1.2,1.0,1.2,0.7722,28
152657782,falabella_pe,MONITOR LED 24 IPS FHD 24G411A-B 144HZ 1MS DP/HDMI,144HZ,381.5,monitores,v1|126545529375|0,ebay_usa,VIOTEK GNV27DB2 27” Curved 144hz Gaming Monitor,144HZ,99.99,unknown,100.0,3.815381538153816,281.51,281.5381538153816,monitores,136.79,36.8,178.89465604210835,0,146.39,46.4,160.60523259785506,0,165.35,65.4,130.72270940429394,0,247.98,12.4,235.58,89.19,60.93,53.85,36.79,1.2,1.0,1.2,0.7722,29
154123779,falabella_pe,Ssd M.2 1Tb - Velocidad De Lectura 7400Mb/S Para Rendimiento Extremo En Tu Pc,M.2 1TB,453.05,discos_ssd,B01N10L1XS,amazon_usa,"KingSpec 1TB M.2 SATA 2280 SSD NOT for NVMe Slots, Upgrade for Laptop/Desktop, SATA III 6Gb/s, B+M Key, Up to 550MB/s",1TB M.2,125.97,SSD,100.0,3.5964912280701755,327.08000000000004,259.6491228070176,discos_ssd,169.21,34.3,167.74422315465992,0,179.75,42.7,152.04450625869265,0,201.7,60.1,124.61576598909272,0,294.48,14.72,279.76,100.01,55.64,58.05,32.29,1.4,1.0,1.4,0.7703,30
144603660,falabella_pe,Procesador Core i7 14700F 210-540Ghz 33MB Smart Cache LGA1700,LGA1700,504.85,CPU,3256809336260032,aliexpress,6* I225-V Gigabit Nic Qotom motherboard with 12th/13th Gen Alder Lake-S LGA1700 Core I3 I5 I7 Processor,LGA1700,140.0,CPU,100.0,3.6060714285714286,364.85,260.60714285714283,cpu,186.72,33.4,170.37810625535562,0,197.76,41.3,155.28418284789646,0,221.33,58.1,128.0983147336556,0,328.15,16.41,311.74,113.98,57.64,67.22,33.99,1.3,1.0,1.3,0.7645,31
155289298,falabella_pe,MEMORIA VENGEANCE LPX 16GB DDR4 a 3200 MHz C16,16GB DDR4,440.15,memorias_ram,B08C511GQH,amazon_usa,"Crucial 16GB DDR4 RAM, 3200MHz CL22 (or 2933MHz or 2666MHz) Laptop Memory, SODIMM 260-Pin, Compatible with 13th Gen Intel Core and AMD Ryzen 7000 - CT16G4SFRA32A",16GB DDR4,124.9,RAM,100.0,3.5240192153722973,315.25,252.40192153722973,memorias_ram,167.88,34.4,162.18131999046938,0,178.37,42.8,146.76234792846327,0,200.2,60.3,119.85514485514486,0,286.1,14.31,271.79,93.42,52.37,52.65,29.52,1.5,1.0,1.5,0.7629,32
144349317,falabella_pe,Placa Am5 Mpg B650 Edge Wifi D5 Atx Conectividad Wifi,B650,405.98,MOTHERBOARD,B0C953W5VM,amazon_usa,"MSI PRO B650-P WiFi ProSeries Motherboard (AMD AM5, ATX, DDR5, PCIe 4.0, M.2, SATA 6Gb/s, USB 3.2 Gen 2, HDMI/DP, Wi-Fi 6E, AMD Ryzen 7000 Series Desktop Processors) (Renewed)",B650,106.44,MOTHERBOARD,100.0,3.814167606163097,299.54,281.4167606163097,motherboard,144.84,36.1,180.29549848108252,0,154.67,45.3,162.48141203853368,0,174.37,63.8,132.82674772036472,0,263.89,13.19,250.7,96.03,62.09,58.42,37.77,1.1,1.0,1.1,0.7576,33
88171,hiraoka_pe,KINGSTON,KINGSTON,323.55,SSD,B097K5J1SB,amazon_usa,Kingston,KINGSTON,87.49,RAM,100.0,3.69813692993485,236.06,269.813692993485,ssd,121.19,38.5,166.9774733888935,0,130.34,49.0,148.23538437931566,0,147.86,69.0,118.82185851481128,0,210.31,10.52,199.79,69.45,53.28,39.48,30.29,1.4,1.0,1.4,0.7457,34
154798788,falabella_pe,Ram Vengeance Rgb Rs 16Gb Ddr4 3200Mhz Cl16 - Memoria Moderna Para Tu Pc De Juego,16GB DDR4 3200MHZ,350.01,memorias_ram,B07QQVPQVS,amazon_usa,Timetec 16GB DDR4 3200MHz (PC4-3200AA) PC4-25600 UDIMM Desktop RAM – 288-Pin 1.2V CL22 Non-ECC Unbuffered DIMM Memory Module Upgrade,16GB DDR4 3200MHZ,97.99,RAM,100.0,3.5718950913358505,252.02,257.18950913358503,memorias_ram,134.29,37.0,160.63742646511284,0,143.82,46.8,143.36670838548187,0,162.55,65.9,115.32451553368192,0,227.51,11.38,216.13,72.31,50.28,39.89,27.74,1.5,1.0,1.5,0.741,35
155289298,falabella_pe,MEMORIA VENGEANCE LPX 16GB DDR4 a 3200 MHz C16,16GB DDR4,440.15,memorias_ram,B08C53LL9J,amazon_usa,"Crucial 16GB DDR4 RAM Kit (2x8GB), 3200MHz (PC4-25600) CL22 Desktop Memory, UDIMM 288-Pin, Downclockable to 2933/2666MHz, Compatible with Intel and AMD Ryzen - CT2K8G4DFRA32A",16GB DDR4,128.0,RAM,100.0,3.438671875,312.15,243.8671875,memorias_ram,171.74,34.2,156.2885757540468,0,182.35,42.5,141.37647381409374,0,204.54,59.8,115.19018284932044,0,286.1,14.31,271.79,89.44,49.05,48.67,26.69,1.5,1.0,1.5,0.7281,36
154798788,falabella_pe,Ram Vengeance Rgb Rs 16Gb Ddr4 3200Mhz Cl16 - Memoria Moderna Para Tu Pc De Juego,16GB DDR4 3200MHZ,350.01,memorias_ram,B08QR2YGKX,amazon_usa,Samsung 16GB DDR4 3200MHz SODIMM PC4-25600 CL22 2Rx8 1.2V 260-Pin SO-DIMM Laptop Notebook RAM Memory Module M471A2K43DB1-CWE,16GB DDR4 3200MHZ,99.0,RAM,100.0,3.535454545454545,251.01,253.5454545454545,memorias_ram,135.55,36.9,158.21468092954626,0,145.12,46.6,141.18660418963614,0,163.96,65.6,113.472798243474,0,227.51,11.38,216.13,71.01,48.93,38.59,26.59,1.5,1.0,1.5,0.7269,37
155177238,falabella_pe,Motherboard Z790 AORUS ELITE AX LGA1700 ATX con conectividad WiFi,Z790 | LGA1700,388.28,MOTHERBOARD,B0BJYYFP3X,amazon_usa,"ASRock Z790 PG Sonic LGA1700 Motherboard, Intel 14th/13th/12th Gen Support, DDR5 7200+ OC, PCIe 5.0, Killer 2.5G LAN, Sonic Themed Design, 14+1+1 Power Phase",Z790 | LGA1700,103.49,MOTHERBOARD,100.0,3.751860083099816,284.79,275.1860083099816,motherboard,141.16,36.4,175.0637574383678,0,150.88,45.8,157.34358430540826,0,170.24,64.5,128.07800751879697,0,252.38,12.62,239.76,88.88,58.91,52.92,35.07,1.1,1.0,1.1,0.7244,38
152231504,falabella_pe,"Monitor Gaming 31.5 UltraGear QHD IPS 2560x1440, 180Hz, HDMIx2DPx1",180HZ,500.44,monitores,v1|176454841516|0,ebay_usa,"Z-EDGE UG27 1080P FHD 180Hz 1ms Curved Gaming Monitor, FreeSync, HDMI 2.0, DP1.4",180HZ,139.99,unknown,100.0,3.574826773340953,360.45,257.4826773340953,monitores,186.71,33.4,168.03063574527343,0,197.75,41.3,153.06700379266752,0,221.31,58.1,126.1262482490624,0,325.29,16.26,309.03,111.28,56.27,64.93,32.83,1.2,1.0,1.2,0.7236,39
155077913,falabella_pe,PROCESADOR RYZEN 5 9600x 3.90-5.40 Ghz,RYZEN 5 9600X,396.18,procesadores,v1|198500134103|497517279537,ebay_usa,AMD RYZEN 5 9600X 8600G 8500G 8400F 7600X 7600 7500F 7400F Socket AM5 Zen4 CPU,RYZEN 5 9600X,110.0,unknown,100.0,3.601636363636364,286.18,260.1636363636364,procesadores,149.28,35.7,165.39389067524115,0,159.24,44.8,148.79427279577996,0,179.35,63.0,120.89768608865349,0,257.52,12.88,244.64,85.4,53.63,48.7,30.58,1.3,1.0,1.3,0.7226,40
154314829,falabella_pe,MONITOR 24GS65F-B PANEL IPS 24 180HZ 1MS HDR10 PIVOTE,180HZ,500.15,monitores,v1|176454841516|0,ebay_usa,"Z-EDGE UG27 1080P FHD 180Hz 1ms Curved Gaming Monitor, FreeSync, HDMI 2.0, DP1.4",180HZ,139.99,unknown,100.0,3.572755196799771,360.16,257.2755196799771,monitores,186.71,33.4,167.87531465909694,0,197.75,41.3,152.9203539823009,0,221.31,58.1,125.99521033843928,0,325.1,16.26,308.84,111.09,56.18,64.76,32.75,1.2,1.0,1.2,0.7226,41
153940601,falabella_pe,"Motherboard Z790 D DDR4 rev. 1.0 Chipset Intel Z790, LGA1700, ATX",Z790 | LGA1700,309.84,MOTHERBOARD,B0BJDZ4YZR,amazon_usa,ASRock Z790 Pro RS Intel Z790 Series CPU (LGA1700) DDR5 Memory Compatible Z790 ATX Motherboard,Z790 | LGA1700,79.92,MOTHERBOARD,100.0,3.8768768768768767,229.92,287.6876876876876,motherboard,111.74,39.8,177.28655808126004,0,120.62,50.9,156.87282374398936,0,137.26,71.8,125.73218709019378,0,201.4,10.07,191.33,70.71,58.62,42.01,34.83,1.1,1.0,1.1,0.7215,42
149546784,falabella_pe,Monitor G27I 27 FHD IPS 165hz 1ms HDR10 AMD FreeSync Premium,165HZ,255.21,monitores,v1|178292230401|0,ebay_usa,Sceptre 165Hz 27-inch Gaming Monitor (HDMI and DP)(1920x1080),165HZ,65.0,unknown,100.0,3.926307692307693,190.21,292.63076923076926,monitores,93.12,43.3,174.06572164948452,0,101.46,56.1,151.53755174452988,0,116.39,79.1,119.2714150700232,0,165.89,8.29,157.6,56.14,55.33,32.5,32.03,1.2,1.0,1.2,0.7137,43
148123749,falabella_pe,Monitor Gaming UltraGear 27G411A-B 27 FHD IPS 144Hz G-SYNC,144HZ,311.84,monitores,v1|116921785656|0,ebay_usa,"LG UltraGear 27G411A-B AUS 27-Inch Full HD IPS Gaming Monitor, 144Hz Overclock,",144HZ,83.0,unknown,100.0,3.75710843373494,228.84,275.710843373494,monitores,115.58,39.3,169.8044644402146,0,124.57,50.1,150.33314602231675,0,141.57,70.6,120.27265663629298,0,202.7,10.14,192.56,67.99,54.58,39.11,31.4,1.2,1.0,1.2,0.706,44
154822439,falabella_pe,PLACA ROG STRIX Z790-F GAMING WIFI II PUERTOS M.2 DDR5 ILUMINACIÓN AURA SYNC RGB,Z790,469.6,MOTHERBOARD,B0BG6NVPVG,amazon_usa,"ASUS Prime Z790-A WiFi 6E LGA 1700(Intel 14th,13th&12th) ATX Motherboard (16+1 DrMOS, PCIe 5.0,DDR5,4X M.2 Slots,2.5 Gb LAN,USB 3.2 Gen 2 Front Panel Type-C, Thunderbolt 4/USB4, DP)",Z790,130.36,MOTHERBOARD,100.0,3.6023320036821107,339.24,260.23320036821104,motherboard,174.69,34.0,168.81905089014828,0,185.38,42.2,153.31750997950158,0,207.84,59.4,125.94303310238644,0,305.24,15.26,289.98,104.6,56.42,61.1,32.96,1.1,1.0,1.1,0.6985,45
152676088,falabella_pe,Placa Madre Z890 Aorus Elite Wifi7 Capacidad De Conectividad,Z890,417.72,MOTHERBOARD,B0BSLJY9R6,amazon_usa,"msi PRO Z890-S WiFi PZ Motherboard, Back-Connect ATX - Supports Intel Core Ultra Processors (Series 2), LGA 1851 - DDR5 Memory Boost (8600+ MT/s OC), PCIe 5.0 x16, M.2 Gen5, Wi-Fi 7, 2.5G LAN",Z890,114.45,MOTHERBOARD,100.0,3.649803407601573,303.27000000000004,264.9803407601573,motherboard,154.83,35.3,169.79267583801587,0,164.95,44.1,153.24037587147623,0,185.58,62.1,125.08891044293566,0,271.52,13.58,257.94,92.99,56.37,54.3,32.92,1.1,1.0,1.1,0.698,46
155077913,falabella_pe,PROCESADOR RYZEN 5 9600x 3.90-5.40 Ghz,RYZEN 5 9600X,396.18,procesadores,v1|198513444287|497523431948,ebay_usa,AMD RYZEN 5 9600X 8600G 8500G 8400F 7600X 7600 7500F 7400F Socket AM5 Zen4 CPU,RYZEN 5 9600X,111.99,unknown,100.0,3.5376372890436647,284.19,253.76372890436647,procesadores,151.76,35.5,161.0569319978914,0,161.8,44.5,144.85784919653892,0,182.14,62.6,117.51400021961132,0,257.52,12.88,244.64,82.84,51.2,46.14,28.52,1.3,1.0,1.3,0.6973,47
150297532,falabella_pe,"Adata Mars 980 Blade 1Tb Ssd M.2 Pcie Gen5 - Velocidad Ultra Rápida 14,000 Mb/S, Ideal Par",1TB SSD,520.75,discos_ssd,B07FM9SSP6,amazon_usa,"INLAND Professional 1TB SSD 3D NAND SATA III 6Gb/s 2.5"" 7mm Internal Solid State Drive (1T)",1TB SSD,155.99,SSD,100.0,3.338355022757869,364.76,233.8355022757869,discos_ssd,206.68,32.5,151.95955099670988,0,218.29,39.9,138.55879792936005,0,243.7,56.2,113.68485843249898,0,338.49,16.92,321.57,103.28,47.31,55.04,25.21,1.4,1.0,1.4,0.6832,48
133076694,falabella_pe,Monitor 24GQ50F-B Gamer 24 VA Full HD 165Hz 1ms AMD FreeSync,165HZ,250.29,monitores,v1|178292230401|0,ebay_usa,Sceptre 165Hz 27-inch Gaming Monitor (HDMI and DP)(1920x1080),165HZ,65.0,unknown,100.0,3.850615384615384,185.29,285.0615384615384,monitores,93.12,43.3,168.78221649484536,0,101.46,56.1,146.6883500887049,0,116.39,79.1,115.0442477876106,0,162.69,8.13,154.56,53.1,52.34,29.92,29.49,1.2,1.0,1.2,0.6825,49
145823564,falabella_pe,Memoria RAM KCP432SS88 8GB 3200Mhz SODIMM DDR4,KCP432SS88,347.72,memorias_ram,v1|168545584125|0,ebay_usa,Kingston 32GB (2x16GB) PC4-3200 KCP432SS8/16 DDR4 Laptop Memory RAM,KCP432SS8,99.99,unknown,94.73684210526316,3.477547754775478,247.73,247.7547754775478,memorias_ram,136.79,36.8,154.1998684114336,0,146.39,46.4,137.52988592116952,0,165.35,65.4,110.29331720592684,0,226.02,11.3,214.72,68.33,46.68,36.12,24.67,1.5,0.9473684210526316,1.4211,0.6822,50
143236709,falabella_pe,Monitor G27i 27 IPS FHD 165Hz 1ms HDR10 FreeSync Premium,165HZ,249.75,monitores,v1|178292230401|0,ebay_usa,Sceptre 165Hz 27-inch Gaming Monitor (HDMI and DP)(1920x1080),165HZ,65.0,unknown,100.0,3.842307692307693,184.75,284.2307692307692,monitores,93.12,43.3,168.20231958762886,0,101.46,56.1,146.1561206386754,0,116.39,79.1,114.58029040295558,0,162.34,8.12,154.22,52.76,52.0,29.63,29.2,1.2,1.0,1.2,0.6789,51
144347926,falabella_pe,"Procesador Ryzen 5 7600X, 6 Núcleos, 4.7-5.3Ghz, 32Mb L3, Arquitectura Am5, 105W",RYZEN 5 7600X | 105W,570.8,procesadores,v1|127716678238|0,ebay_usa,AMD Ryzen 5 7600X - 6-Core 4.7 GHz - Socket AM5 - 105W Desktop Processor - NEW,RYZEN 5 7600X | 105W,169.88,unknown,100.0,3.3600188368259944,400.92,236.00188368259944,procesadores,224.01,31.9,154.81005312262846,0,236.13,39.0,141.7312497353153,0,323.14,90.2,76.6417032865012,0,371.02,18.55,352.47,116.34,49.27,63.47,26.88,1.3,1.0,1.3,0.6771,52
129895526,falabella_pe,Monitor 24GQ50F-B Gaming UltraGear 24″ 165hz AMD FreeSync Premium,165HZ,249.46,monitores,v1|178292230401|0,ebay_usa,Sceptre 165Hz 27-inch Gaming Monitor (HDMI and DP)(1920x1080),165HZ,65.0,unknown,100.0,3.837846153846154,184.46,283.7846153846154,monitores,93.12,43.3,167.8908934707904,0,101.46,56.1,145.87029371180762,0,116.39,79.1,114.33112810378898,0,162.15,8.11,154.04,52.58,51.82,29.47,29.05,1.2,1.0,1.2,0.6771,53
155529971,falabella_pe,Procesador Ryzen 5 7600 6 Nacleos 5.2GHz AM5,RYZEN 5 7600,481.35,procesadores,v1|115712758959|0,ebay_usa,"AMD Ryzen 5 7600X Processor (4.7 GHz, 6 Cores, Socket AM5)",RYZEN 5 7600X,139.99,unknown,96.0,3.438459889992142,341.36,243.84598899921423,procesadores,186.71,33.4,157.8062235552461,0,197.75,41.3,143.4134007585335,0,221.31,58.1,117.50033889114816,0,312.88,15.64,297.24,99.49,50.31,54.9,27.76,1.3,0.96,1.248,0.674,54
154602481,falabella_pe,DISCO DURO SOLIDO FURY SFYR2S-1T0 1TB SSD PCIE 4.0 NVME PS5 COMPATIBLE PN SFYR2S-1T0,1TB SSD,425.84,SSD,B08GJBL7QY,amazon_usa,Timetec 1TB SSD 3D NAND SATA III 6Gb/s M.2 2280 NGFF 512TBW Read Speed Up to 550MB/s SLC Cache Performance Boost Internal Solid State Drive for PC Computer Laptop and Desktop (1TB),1TB SSD,125.99,SSD,100.0,3.3799507897452177,299.85,237.99507897452176,ssd,169.24,34.3,151.61900259985816,0,179.77,42.7,136.8804583634644,0,201.73,60.1,111.09403658355228,0,276.8,13.84,262.96,83.19,46.28,43.75,24.34,1.4,1.0,1.4,0.6725,55
141020614,falabella_pe,"Procesador Ryzen 5 9600X 3.90 / 5.40 GHz, 32MB L3 Cache, 6-Cores",RYZEN 5 9600X,363.0,procesadores,v1|187516494752|695378535112,ebay_usa,AMD RYZEN 5 9600X 8600G 8500G 8400F 7600X 7600 7500F 7400F Socket AM5 Zen4 CPU,RYZEN 5 9600X,103.5,unknown,100.0,3.5072463768115942,259.5,250.72463768115944,procesadores,141.17,36.4,157.13678543599917,0,150.89,45.8,140.57260255815498,0,170.26,64.5,113.2033360742394,0,235.95,11.8,224.15,73.26,48.55,39.64,26.27,1.3,1.0,1.3,0.6696,56
150202099,falabella_pe,Ssd Kt Nv3 500Gb Nvme 2230 - Almacenamiento Rápido Y Compacto Para Tu Portátil Y Dispositi,500GB NVME,338.24,discos_ssd,B0D5M7C19X,amazon_usa,"fanxiang 500GB NVMe SSD PCIe Gen 4 Gaming SSD for PS5, Up to 6300MB/s M.2 2280 SSD Compatible with PS5 Storage Expansion, Internal Solid State Drive for Gamers, Professionals, Creators S880E",500GB NVME,97.97,SSD,100.0,3.45248545473104,240.27,245.24854547310403,discos_ssd,134.27,37.0,151.91032993222612,0,143.79,46.8,135.23193546143685,0,162.52,65.9,108.12207728279594,0,219.86,10.99,208.87,65.08,45.26,33.75,23.47,1.4,1.0,1.4,0.6618,57
152389778,falabella_pe,PLACA MADRE Z790 GAMING PLUS WIFI ATX LGA1700 PN 824142334898,Z790 | LGA1700,373.31,MOTHERBOARD,B0BJYYFP3X,amazon_usa,"ASRock Z790 PG Sonic LGA1700 Motherboard, Intel 14th/13th/12th Gen Support, DDR5 7200+ OC, PCIe 5.0, Killer 2.5G LAN, Sonic Themed Design, 14+1+1 Power Phase",Z790 | LGA1700,103.49,MOTHERBOARD,100.0,3.607208425934873,269.82,260.7208425934873,motherboard,141.16,36.4,164.4587701898555,0,150.88,45.8,147.42179215270414,0,170.24,64.5,119.2845394736842,0,242.65,12.13,230.52,79.64,52.78,45.06,29.86,1.1,1.0,1.1,0.6604,58
120658186,falabella_pe,Disco Sólido FURY Renegade 1TB SSD NVMe M2 con Disipador PC Ps5,1TB SSD,422.32,SSD,B08GJBL7QY,amazon_usa,Timetec 1TB SSD 3D NAND SATA III 6Gb/s M.2 2280 NGFF 512TBW Read Speed Up to 550MB/s SLC Cache Performance Boost Internal Solid State Drive for PC Computer Laptop and Desktop (1TB),1TB SSD,125.99,SSD,100.0,3.35201206444956,296.33,235.20120644495591,ssd,169.24,34.3,149.53911604821553,0,179.77,42.7,134.92240084552483,0,201.73,60.1,109.34913002528133,0,274.51,13.73,260.78,81.01,45.06,41.89,23.3,1.4,1.0,1.4,0.6598,59
152254995,falabella_pe,TARJETA DE VIDEO GALAX GEFORCE RTX 3060TI 8GB P-N 36ISM6MD1GSP,RTX 3060TI,710.72,tarjetas_video,B00JFYB8VM,amazon_usa,NVIDIA GeForce RTX 4060Ti Founders Edition,RTX 4060TI,178.32,GPU,90.0,3.985643786451324,532.4000000000001,298.5643786451324,tarjetas_video,234.54,31.5,203.02720218299652,0,296.96,66.5,139.33189655172416,0,334.95,87.8,112.18689356620392,0,461.97,23.1,438.87,141.91,47.79,76.08,25.62,1.4,0.9,1.26,0.6509,60
154366213,falabella_pe,Memoria RAM XPG Lancer RGB AX5U6000C4816G-SLABRBK 16GB DDR5 6000MHz,16GB DDR5 6000MHZ,671.37,memorias_ram,v1|157879252427|0,ebay_usa,RAM DDR5 16GB DDR5 6000Mhz CL48 Adata XPG  Lancer Blade RGB  AX5U6000C4816GBLABR,16GB DDR5 6000MHZ,175.0,unknown,100.0,3.8364,496.37,283.64,memorias_ram,230.4,31.7,191.39322916666669,0,292.7,67.3,129.37137000341647,0,330.3,88.7,103.26067211625794,0,436.39,21.82,414.57,121.87,41.64,59.68,20.39,1.5,1.0,1.5,0.6506,61
151846947,falabella_pe,Módulo Ram Xpg Gammix D35 16Gb Ddr4 3200Mhz Cl16 Para Pc - Alto Rendimiento Y Compatibilid,16GB DDR4 3200MHZ,329.41,memorias_ram,B07QQVPQVS,amazon_usa,Timetec 16GB DDR4 3200MHz (PC4-3200AA) PC4-25600 UDIMM Desktop RAM – 288-Pin 1.2V CL22 Non-ECC Unbuffered DIMM Memory Module Upgrade,16GB DDR4 3200MHZ,97.99,RAM,100.0,3.361669558118176,231.42,236.1669558118176,memorias_ram,134.29,37.0,145.2974905056222,0,143.82,46.8,129.04324850507584,0,162.55,65.9,102.65149184866196,0,214.12,10.71,203.41,59.59,41.43,29.08,20.22,1.5,1.0,1.5,0.6486,62
154122381,falabella_pe,Memoria RAM Armor 16GB DDR4 3200MHz UDIMM,16GB DDR4 3200MHZ,329.41,memorias_ram,B07QQVPQVS,amazon_usa,Timetec 16GB DDR4 3200MHz (PC4-3200AA) PC4-25600 UDIMM Desktop RAM – 288-Pin 1.2V CL22 Non-ECC Unbuffered DIMM Memory Module Upgrade,16GB DDR4 3200MHZ,97.99,RAM,100.0,3.361669558118176,231.42,236.1669558118176,memorias_ram,134.29,37.0,145.2974905056222,0,143.82,46.8,129.04324850507584,0,162.55,65.9,102.65149184866196,0,214.12,10.71,203.41,59.59,41.43,29.08,20.22,1.5,1.0,1.5,0.6486,63
154730983,falabella_pe,Monitor 34” Curvo G34WQi 2026 WQHD 2K 180Hz,180HZ,476.26,monitores,v1|176454841516|0,ebay_usa,"Z-EDGE UG27 1080P FHD 180Hz 1ms Curved Gaming Monitor, FreeSync, HDMI 2.0, DP1.4",180HZ,139.99,unknown,100.0,3.402100150010715,336.27,240.2100150010715,monitores,186.71,33.4,155.08007069787368,0,197.75,41.3,140.8394437420986,0,221.31,58.1,115.20039763228051,0,309.57,15.48,294.09,96.34,48.72,52.23,26.41,1.2,1.0,1.2,0.6446,64
133848431,falabella_pe,Motherboard B650M AORUS ELITE AX Chipset AMD B650 AM5 mATX,B650M | B650,374.16,MOTHERBOARD,B0DKHV68LY,amazon_usa,"ASUS Prime B650M-A AX II AMD B650 AM5 Ryzen™ Desktop 9000 8000 & 7000 Micro-ATX mATX Motherboard, DDR5, PCIe 5.0 M.2, 2.5Gb LAN, Wi-Fi 6, DisplayPort, HDMI®, BIOS Flashback™ (Renewed)",B650M | B650,105.0,MOTHERBOARD,100.0,3.563428571428572,269.16,256.3428571428572,motherboard,143.04,36.2,161.57718120805373,0,152.82,45.5,144.83706321162154,0,172.36,64.1,117.08052912508704,0,243.2,12.16,231.04,78.22,51.18,43.56,28.5,1.1,1.0,1.1,0.6437,65
155177228,falabella_pe,Placa Base Z790 EAGLE AX ATX LGA1700 con Chipset Intel Z790 - Rendimiento y Conec,Z790 | LGA1700,294.08,MOTHERBOARD,B0BJDZ4YZR,amazon_usa,ASRock Z790 Pro RS Intel Z790 Series CPU (LGA1700) DDR5 Memory Compatible Z790 ATX Motherboard,Z790 | LGA1700,79.92,MOTHERBOARD,100.0,3.6796796796796793,214.16,267.9679679679679,motherboard,111.74,39.8,163.18238768569893,0,120.62,50.9,143.8069971812303,0,137.26,71.8,114.25032784496577,0,191.15,9.56,181.59,60.97,50.55,33.73,27.96,1.1,1.0,1.1,0.637,66
151846947,falabella_pe,Módulo Ram Xpg Gammix D35 16Gb Ddr4 3200Mhz Cl16 Para Pc - Alto Rendimiento Y Compatibilid,16GB DDR4 3200MHZ,329.41,memorias_ram,B08QR2YGKX,amazon_usa,Samsung 16GB DDR4 3200MHz SODIMM PC4-25600 CL22 2Rx8 1.2V 260-Pin SO-DIMM Laptop Notebook RAM Memory Module M471A2K43DB1-CWE,16GB DDR4 3200MHZ,99.0,RAM,100.0,3.3273737373737378,230.41000000000005,232.7373737373738,memorias_ram,135.55,36.9,143.01733677609738,0,145.12,46.6,126.99145534729878,0,163.96,65.6,100.90875823371556,0,214.12,10.71,203.41,58.29,40.17,27.78,19.14,1.5,1.0,1.5,0.6353,67
154122381,falabella_pe,Memoria RAM Armor 16GB DDR4 3200MHz UDIMM,16GB DDR4 3200MHZ,329.41,memorias_ram,B08QR2YGKX,amazon_usa,Samsung 16GB DDR4 3200MHz SODIMM PC4-25600 CL22 2Rx8 1.2V 260-Pin SO-DIMM Laptop Notebook RAM Memory Module M471A2K43DB1-CWE,16GB DDR4 3200MHZ,99.0,RAM,100.0,3.3273737373737378,230.41000000000005,232.7373737373738,memorias_ram,135.55,36.9,143.01733677609738,0,145.12,46.6,126.99145534729878,0,163.96,65.6,100.90875823371556,0,214.12,10.71,203.41,58.29,40.17,27.78,19.14,1.5,1.0,1.5,0.6353,68
125147192,falabella_pe,"Memoria Fury Beast RGB BLACK, 16GB DDR4 3200 MHz, CL16",16GB DDR4 3200 MHZ,325.26,memorias_ram,B07KGM4W57,amazon_usa,A-Tech 16GB DDR4 2400 MHz SODIMM PC4-19200 (PC4-2400T) CL17 2Rx8 Non-ECC Laptop RAM Memory Module,16GB DDR4 2400 MHZ,96.46,RAM,94.44444444444444,3.371967654986523,228.8,237.19676549865235,memorias_ram,132.38,37.2,145.7017676386161,0,141.85,47.1,129.29855481142053,0,160.41,66.3,102.7679072377034,0,211.42,10.57,200.85,59.0,41.59,28.87,20.35,1.5,0.9444444444444444,1.4167,0.6279,69
121014195,falabella_pe,"Monitor LS27AG320NLXPE 27 LED FHD 180hz,1ms FreeSync Premium",180HZ,470.67,monitores,v1|176454841516|0,ebay_usa,"Z-EDGE UG27 1080P FHD 180Hz 1ms Curved Gaming Monitor, FreeSync, HDMI 2.0, DP1.4",180HZ,139.99,unknown,100.0,3.3621687263375954,330.68,236.21687263375955,monitores,186.71,33.4,152.08612286433507,0,197.75,41.3,138.0126422250316,0,221.31,58.1,112.67452894130405,0,305.94,15.3,290.64,92.89,46.97,49.29,24.93,1.2,1.0,1.2,0.6265,70
155505673,falabella_pe,Monitor Curvo Gaming G34WQi de 34 WQHD 3440x1440 180Hz 1ms ULTRAWIDE,180HZ,470.38,monitores,v1|176454841516|0,ebay_usa,"Z-EDGE UG27 1080P FHD 180Hz 1ms Curved Gaming Monitor, FreeSync, HDMI 2.0, DP1.4",180HZ,139.99,unknown,100.0,3.3600971497964136,330.39,236.00971497964136,monitores,186.71,33.4,151.9308017781586,0,197.75,41.3,137.86599241466496,0,221.31,58.1,112.54349103068093,0,305.75,15.29,290.46,92.71,46.88,49.14,24.85,1.2,1.0,1.2,0.6255,71
155505669,falabella_pe,Monitor G34WQi 34 WQHD 180Hz Curvo 1500R FreeSync Premium ULTRAWIDE,180HZ,470.38,monitores,v1|176454841516|0,ebay_usa,"Z-EDGE UG27 1080P FHD 180Hz 1ms Curved Gaming Monitor, FreeSync, HDMI 2.0, DP1.4",180HZ,139.99,unknown,100.0,3.3600971497964136,330.39,236.00971497964136,monitores,186.71,33.4,151.9308017781586,0,197.75,41.3,137.86599241466496,0,221.31,58.1,112.54349103068093,0,305.75,15.29,290.46,92.71,46.88,49.14,24.85,1.2,1.0,1.2,0.6255,72
151156433,falabella_pe,Memoria Ram Fury Beast 32Gb Ddr4 3200Mhz Cl16 – Ideal Para Gaming Y Rendimiento A,32GB DDR4 3200MHZ,358.85,RAM,v1|277064707066|2560363086396,ebay_usa,OWC 16GB 32GB DDR4 3200MHz PC4-25600 Non-ECC SODIMM 260pin RAM,32GB DDR4 3200MHZ,109.99,unknown,100.0,3.262569324484045,248.86,226.25693244840443,ram,149.27,35.7,140.40329604073156,0,159.23,44.8,125.36582302329964,0,179.34,63.0,100.09479201516672,0,233.25,11.66,221.59,62.36,39.16,29.12,18.29,1.5,1.0,1.5,0.6248,73
151368169,falabella_pe,"Core I7 12700F 2.1 Ghz, 12 Núcleos, 20 Hilos, 25 Mb Caché, Socket Lga1700 - Rendimie",LGA1700,461.88,CPU,3256809336260032,aliexpress,6* I225-V Gigabit Nic Qotom motherboard with 12th/13th Gen Alder Lake-S LGA1700 Core I3 I5 I7 Processor,LGA1700,140.0,CPU,100.0,3.299142857142857,321.88,229.91428571428568,cpu,186.72,33.4,147.3650385604113,0,197.76,41.3,133.55582524271844,0,221.33,58.1,108.68386572086928,0,300.22,15.01,285.21,87.45,44.22,44.67,22.59,1.3,1.0,1.3,0.6244,74
151912308,falabella_pe,"Disco Sólido NV3 1TB SSD M.2 2230 NVMe PCIe 4.0 para laptops, SteamDeck OLED, ROG AllyX",1TB SSD,412.38,discos_ssd,B08GJBL7QY,amazon_usa,Timetec 1TB SSD 3D NAND SATA III 6Gb/s M.2 2280 NGFF 512TBW Read Speed Up to 550MB/s SLC Cache Performance Boost Internal Solid State Drive for PC Computer Laptop and Desktop (1TB),1TB SSD,125.99,SSD,100.0,3.273116914040797,286.39,227.31169140407968,discos_ssd,169.24,34.3,143.66580004727015,0,179.77,42.7,129.3931134227068,0,201.73,60.1,104.42175184652756,0,268.05,13.4,254.65,74.88,41.65,36.68,20.4,1.4,1.0,1.4,0.6241,75
155505677,falabella_pe,MONITOR GAMER CURVO G34WQi 34 180HZ 1MS 2K ULTRAWIDE,180HZ,469.82,monitores,v1|176454841516|0,ebay_usa,"Z-EDGE UG27 1080P FHD 180Hz 1ms Curved Gaming Monitor, FreeSync, HDMI 2.0, DP1.4",180HZ,139.99,unknown,100.0,3.3560968640617186,329.83,235.60968640617185,monitores,186.71,33.4,151.63087140485246,0,197.75,41.3,137.582806573957,0,221.31,58.1,112.29045230671908,0,305.38,15.27,290.11,92.36,46.71,48.84,24.7,1.2,1.0,1.2,0.6236,76
155505671,falabella_pe,Monitor Curvo G34WQi 34 WQHD 180Hz Curvo 1500R FreeSync Premium ULTRAWIDE,180HZ,469.82,monitores,v1|176454841516|0,ebay_usa,"Z-EDGE UG27 1080P FHD 180Hz 1ms Curved Gaming Monitor, FreeSync, HDMI 2.0, DP1.4",180HZ,139.99,unknown,100.0,3.3560968640617186,329.83,235.60968640617185,monitores,186.71,33.4,151.63087140485246,0,197.75,41.3,137.582806573957,0,221.31,58.1,112.29045230671908,0,305.38,15.27,290.11,92.36,46.71,48.84,24.7,1.2,1.0,1.2,0.6236,77
155811946,falabella_pe,Monitor Odyssey G5 LS27FG500ELXPE 27 Fast IPS 2K QHD 180HZ 1MS G-Sync,180HZ,469.6,monitores,v1|176454841516|0,ebay_usa,"Z-EDGE UG27 1080P FHD 180Hz 1ms Curved Gaming Monitor, FreeSync, HDMI 2.0, DP1.4",180HZ,139.99,unknown,100.0,3.354525323237374,329.61,235.4525323237374,monitores,186.71,33.4,151.51304161533926,0,197.75,41.3,137.4715549936789,0,221.31,58.1,112.1910442365912,0,305.24,15.26,289.98,92.23,46.64,48.73,24.64,1.2,1.0,1.2,0.6229,78
150522370,falabella_pe,"Monitor TUF Gaming VG27AQ5A 27"" QHD IPS 210Hz 0.3ms FreeSync Premium","27"" | 210HZ",322.76,monitores,v1|147422384574|0,ebay_usa,"Acer Nitro 27"" WQHD 2560 x 1440 PC Gaming IPS Monitor 180Hz 0.5ms","27"" | 180HZ",89.95,unknown,90.9090909090909,3.588215675375208,232.81,258.8215675375209,monitores,124.26,38.1,159.74569451150813,0,133.5,48.4,141.76779026217227,0,151.3,68.2,113.32452081956376,0,209.79,10.49,199.3,65.8,49.29,35.9,26.89,1.2,0.9090909090909091,1.0909,0.6215,79
148455460,falabella_pe,Monitor 27G411A-B 27 Pulg FHD IPS 144Hz HDMI DP USB Headphones-out,144HZ,294.08,monitores,v1|116921785656|0,ebay_usa,"LG UltraGear 27G411A-B AUS 27-Inch Full HD IPS Gaming Monitor, 144Hz Overclock,",144HZ,83.0,unknown,100.0,3.5431325301204817,211.08,254.31325301204816,monitores,115.58,39.3,154.43848416681087,0,124.57,50.1,136.07610179015813,0,141.57,70.6,107.72762590944409,0,191.15,9.56,181.59,57.02,45.77,29.78,23.91,1.2,1.0,1.2,0.6139,80
152766263,falabella_pe,MONITOR GAMER 27G411A-B LED 27 IPS 144HZ 1 MS,144HZ,294.08,monitores,v1|116921785656|0,ebay_usa,"LG UltraGear 27G411A-B AUS 27-Inch Full HD IPS Gaming Monitor, 144Hz Overclock,",144HZ,83.0,unknown,100.0,3.5431325301204817,211.08,254.31325301204816,monitores,115.58,39.3,154.43848416681087,0,124.57,50.1,136.07610179015813,0,141.57,70.6,107.72762590944409,0,191.15,9.56,181.59,57.02,45.77,29.78,23.91,1.2,1.0,1.2,0.6139,81
152490544,falabella_pe,MONITOR GAMING ULTRAGEAR 31.5 QHD IPS 180HZ 1MS P-N 32GS75Q-B,180HZ,466.75,monitores,v1|176454841516|0,ebay_usa,"Z-EDGE UG27 1080P FHD 180Hz 1ms Curved Gaming Monitor, FreeSync, HDMI 2.0, DP1.4",180HZ,139.99,unknown,100.0,3.334166726194728,326.76,233.4166726194728,monitores,186.71,33.4,149.98661025119168,0,197.75,41.3,136.03034134007586,0,221.31,58.1,110.903257873571,0,303.39,15.17,288.22,90.47,45.75,47.24,23.89,1.2,1.0,1.2,0.6137,82
133065513,falabella_pe,"MONITOR GAMER ULTRAGEAR 24GN65R-B, 23.8"" LED, FHD IPS, 144HZ, 1MS",144HZ,293.88,monitores,v1|116921785656|0,ebay_usa,"LG UltraGear 27G411A-B AUS 27-Inch Full HD IPS Gaming Monitor, 144Hz Overclock,",144HZ,83.0,unknown,100.0,3.540722891566265,210.88,254.07228915662648,monitores,115.58,39.3,154.26544384841668,0,124.57,50.1,135.91554949024646,0,141.57,70.6,107.5863530408985,0,191.02,9.55,181.47,56.9,45.68,29.68,23.83,1.2,1.0,1.2,0.6129,83
126089784,falabella_pe,Monitor Odyssey G3 LS24AG320NLXPE 24 Full HD 144Hz 1ms,144HZ,293.88,monitores,v1|116921785656|0,ebay_usa,"LG UltraGear 27G411A-B AUS 27-Inch Full HD IPS Gaming Monitor, 144Hz Overclock,",144HZ,83.0,unknown,100.0,3.540722891566265,210.88,254.07228915662648,monitores,115.58,39.3,154.26544384841668,0,124.57,50.1,135.91554949024646,0,141.57,70.6,107.5863530408985,0,191.02,9.55,181.47,56.9,45.68,29.68,23.83,1.2,1.0,1.2,0.6129,84
151960028,falabella_pe,"Monitor Gaming UltraGear 34G600A-B VA, WQHD 160Hz 1 ms",160HZ,705.18,monitores,v1|396216743117|0,ebay_usa,Gaming Monitor 160hz Curved,160HZ,180.0,unknown,100.0,3.9176666666666655,525.18,291.76666666666665,monitores,236.64,31.5,197.9969574036511,0,299.12,66.2,135.7515378443434,0,337.3,87.4,109.06611325229764,0,458.37,22.92,435.45,136.33,45.58,71.01,23.74,1.2,1.0,1.2,0.6118,85
125891484,falabella_pe,Monitor Odyssey G3 LS24AG320NLXPE 24 Full HD 144Hz 1ms,144HZ,293.39,monitores,v1|116921785656|0,ebay_usa,"LG UltraGear 27G411A-B AUS 27-Inch Full HD IPS Gaming Monitor, 144Hz Overclock,",144HZ,83.0,unknown,100.0,3.5348192771084337,210.39,253.48192771084337,monitores,115.58,39.3,153.84149506835092,0,124.57,50.1,135.5221963554628,0,141.57,70.6,107.2402345129618,0,190.7,9.54,181.16,56.59,45.43,29.42,23.62,1.2,1.0,1.2,0.6104,86
152954498,falabella_pe,Ram 16Gb Ddr4 3200Mhz Para Portátiles Y Mini Pcs - Sodimm Cl22 Sin Búfer,16GB DDR4 3200MHZ,320.58,RAM,B07QQVPQVS,amazon_usa,Timetec 16GB DDR4 3200MHz (PC4-3200AA) PC4-25600 UDIMM Desktop RAM – 288-Pin 1.2V CL22 Non-ECC Unbuffered DIMM Memory Module Upgrade,16GB DDR4 3200MHZ,97.99,RAM,100.0,3.271558322277784,222.59,227.15583222777832,ram,134.29,37.0,138.72216844143273,0,143.82,46.8,122.90362953692116,0,162.55,65.9,97.21931713318976,0,208.38,10.42,197.96,54.14,37.64,24.45,17.0,1.5,1.0,1.5,0.609,87
152435907,falabella_pe,PLACA MADRE ROG STRIX B650E-F GAMING WIFI SOCKET AM5 DDR5 PCIE 5.0 M.2 NVME WIFI 6E 2.5GBE PN ROG STRIX B650E-F GAMING WIFI,B650E,414.42,MOTHERBOARD,v1|117092018128|0,ebay_usa,ASUS B650E MAX Gaming WIFI 6E AMD AM5 ATX Motherboard MB Brand New,B650E,121.0,unknown,100.0,3.42495867768595,293.42,242.49586776859508,motherboard,163.01,34.7,154.22980185264709,0,173.36,43.3,139.05168435625288,0,194.74,60.9,112.80681934887542,0,269.37,13.47,255.9,82.54,47.61,44.16,25.47,1.1,1.0,1.1,0.6064,88
146315790,falabella_pe,Fuente de poder RM850x 850W 80 Plus Gold Certified ATX Black,850W | RM850X,293.39,PSU,v1|137522232164|0,ebay_usa,Corsair RM850x ATX 850W 80+ Gold Modular Power Supply (Includes Cables + Bag),850W | RM850X,80.0,unknown,100.0,3.667375,213.39,266.73749999999995,psu,111.84,39.8,162.33011444921314,0,120.72,50.9,143.03346587143804,0,137.38,71.7,113.56092589896636,0,190.7,9.54,181.16,60.44,50.07,33.27,27.56,1.0,1.0,1.0,0.6054,89
152445904,falabella_pe,PLACA MADRE Z890 GAMING PLUS LGA 1851 PN Z890-GAMING-PLUS-WIFI,Z890,393.54,MOTHERBOARD,B0BSLJY9R6,amazon_usa,"msi PRO Z890-S WiFi PZ Motherboard, Back-Connect ATX - Supports Intel Core Ultra Processors (Series 2), LGA 1851 - DDR5 Memory Boost (8600+ MT/s OC), PCIe 5.0 x16, M.2 Gen5, Wi-Fi 7, 2.5G LAN",Z890,114.45,MOTHERBOARD,100.0,3.438532110091743,279.09000000000003,243.85321100917432,motherboard,154.83,35.3,154.1755473745398,0,164.95,44.1,138.58138829948473,0,185.58,62.1,112.05948916909148,0,255.8,12.79,243.01,78.06,47.32,41.61,25.23,1.1,1.0,1.1,0.6035,90
151842297,falabella_pe,Unidad SSD Future Lite 512GB M.2 2280,512GB M.2,330.88,discos_ssd,B0DJPC5CPL,amazon_usa,"KingSpec 512GB M.2 SSD 2280 NVMe PCIe 4.0 x4, Incredible Read up to 5000MB/s, Internal M2 PCIe SSD Compatible with Gaming Console/Desktop/Gaming Laptop",512GB M.2,99.97,SSD,100.0,3.3097929378813644,230.91,230.97929378813643,discos_ssd,136.76,36.8,141.94208832992103,0,146.36,46.4,126.07269745832193,0,165.32,65.4,100.1451729978224,0,215.07,10.75,204.32,57.96,39.6,27.31,18.66,1.4,1.0,1.4,0.6027,91
139189483,falabella_pe,Procesador AMD Ryzen 5 9600X 3.90-5.40Ghz Cache L3 32MB Socket AM5,RYZEN 5 9600X,469.6,procesadores,v1|127132029628|428244809810,ebay_usa,AMD RYZEN 5 9600X 8600G 8500G 8400F 7600X 7500F 7400F Socket AM5 Zen4 CPU,RYZEN 5 9600X,145.2,unknown,100.0,3.234159779614325,324.40000000000003,223.41597796143256,procesadores,193.21,33.1,143.05160188396044,0,204.44,40.8,129.70064566621016,0,228.6,57.4,105.42432195975503,0,305.24,15.26,289.98,85.54,41.84,42.04,20.56,1.3,1.0,1.3,0.5994,92
143681875,falabella_pe,Monitor UltraGear 24GN65R-B 24 Full HD IPS 144Hz HDMI DP,144HZ,290.89,monitores,v1|116921785656|0,ebay_usa,"LG UltraGear 27G411A-B AUS 27-Inch Full HD IPS Gaming Monitor, 144Hz Overclock,",144HZ,83.0,unknown,100.0,3.504698795180723,207.89,250.4698795180723,monitores,115.58,39.3,151.6784910884236,0,124.57,50.1,133.5152926065666,0,141.57,70.6,105.47432365614183,0,189.08,9.45,179.63,55.06,44.2,28.12,22.57,1.2,1.0,1.2,0.5974,93
152954498,falabella_pe,Ram 16Gb Ddr4 3200Mhz Para Portátiles Y Mini Pcs - Sodimm Cl22 Sin Búfer,16GB DDR4 3200MHZ,320.58,RAM,B08QR2YGKX,amazon_usa,Samsung 16GB DDR4 3200MHz SODIMM PC4-25600 CL22 2Rx8 1.2V 260-Pin SO-DIMM Laptop Notebook RAM Memory Module M471A2K43DB1-CWE,16GB DDR4 3200MHZ,99.0,RAM,100.0,3.238181818181818,221.58,223.81818181818176,ram,135.55,36.9,136.50313537440056,0,145.12,46.6,120.90683572216096,0,163.96,65.6,95.52329836545496,0,208.38,10.42,197.96,52.84,36.41,23.15,15.95,1.5,1.0,1.5,0.5961,94
125147192,falabella_pe,"Memoria Fury Beast RGB BLACK, 16GB DDR4 3200 MHz, CL16",16GB DDR4 3200 MHZ,325.26,memorias_ram,B07KGM4B6K,amazon_usa,A-Tech 16GB DDR4 2400 MHz UDIMM PC4-19200 (PC4-2400T) CL17 DIMM 2Rx8 Non-ECC Desktop RAM Memory Module,16GB DDR4 2400 MHZ,99.01,RAM,94.44444444444444,3.285122714877285,226.25,228.51227148772847,memorias_ram,135.56,36.9,139.93803481853053,0,145.13,46.6,124.1163095156067,0,163.97,65.6,98.3655546746356,0,211.42,10.57,200.85,55.72,38.39,25.59,17.63,1.5,0.9444444444444444,1.4167,0.5945,95
137228439,falabella_pe,Ryzen 5 9600X 3.90/5.40 GHz 32MB L3 Cache 6-Cores 4nm TDP 65W,RYZEN 5 9600X,467.84,procesadores,v1|127132029628|428244809810,ebay_usa,AMD RYZEN 5 9600X 8600G 8500G 8400F 7600X 7500F 7400F Socket AM5 Zen4 CPU,RYZEN 5 9600X,145.2,unknown,100.0,3.222038567493113,322.64,222.20385674931129,procesadores,193.21,33.1,142.14067594844985,0,204.44,40.8,128.83975738603013,0,228.6,57.4,104.65441819772528,0,304.1,15.21,288.89,84.45,41.31,41.12,20.11,1.3,1.0,1.3,0.5939,96
152663755,falabella_pe,DDR4 SODIMM 16GB 3200MHZ CL22 1.2V NON-ECC l P-N KCP432SS8-16,KCP432SS8,322.54,RAM,v1|168545584125|0,ebay_usa,Kingston 32GB (2x16GB) PC4-3200 KCP432SS8/16 DDR4 Laptop Memory RAM,KCP432SS8,99.99,unknown,100.0,3.2257225722572263,222.55,222.57225722572252,ram,136.79,36.8,135.79209006506326,0,146.39,46.4,120.3292574629415,0,165.35,65.4,95.06501360749924,0,209.65,10.48,199.17,52.78,36.05,22.9,15.64,1.5,1.0,1.5,0.5923,97
115654315,falabella_pe,Memoria RAM 8GB 2x 4GB DDR4 2400 MHz Gaming C16 BL2K4G24C16U4B,4GB DDR4 2400 MHZ,149.56,memorias_ram,v1|366542237824|0,ebay_usa,Corsair Vengeance LPX 8GB DDR4 2400 MHZ Lightly Used!,8GB DDR4 2400 MHZ,37.99,unknown,94.11764705882352,3.936825480389576,111.57,293.6825480389576,memorias_ram,59.41,56.4,151.7421309543848,0,66.78,75.8,123.9592692422881,0,78.6,106.9,90.27989821882952,0,97.21,4.86,92.35,25.57,38.29,11.72,17.55,1.5,0.9411764705882352,1.4118,0.5922,98
152676194,falabella_pe,Placa Madre Z890 Ud Wifi6E Socket Intel Lga1851 Conectividad Wi-Fi 6E,Z890 | LGA1851,379.45,MOTHERBOARD,B0DJDFM619,amazon_usa,"ASUS ROG Maximus Z890 Hero Intel Z890 LGA1851 DDR5 9200 HDMI 2xUSB4 6X M2 USB3.2 WiFi 7 + BT Aura RGB 5Gbit + 2.5Gbit LAN ATX 22+1+2+2 Power Phases, Motherboard",Z890 | LGA1851,110.77,MOTHERBOARD,100.0,3.425566489121604,268.68,242.5566489121604,motherboard,150.24,35.6,152.56256656017038,0,160.23,44.6,136.81582724833052,0,180.43,62.9,110.30316466219584,0,246.64,12.33,234.31,74.08,46.23,38.93,24.3,1.1,1.0,1.1,0.592,99
132291691,falabella_pe,Procesador Ryzen 7 7700X 4.5Ghz 32MB L3 Cache S-AM5 8 Nucleos,RYZEN 7 7700X,675.18,procesadores,v1|406738779517|676977004103,ebay_usa,AMD RYZEN 7 7700 7700X 7800X3D 8700F 8700G 9700X 9800X3D Socket AM5 CPU,RYZEN 7 7700,175.0,unknown,96.0,3.858171428571428,500.18,285.8171428571428,procesadores,230.4,31.7,193.046875,0,292.7,67.3,130.6730440724291,0,330.3,88.7,104.41416893732968,0,438.87,21.94,416.93,124.23,42.44,61.69,21.08,1.3,0.96,1.248,0.5919,100
152852754,falabella_pe,"Motherboard ROG STRIX B650E-F GAMING WIFI, Chipset AMD B650, Socket AMD AM5, ATX",B650E | B650,407.05,MOTHERBOARD,v1|127800998570|0,ebay_usa,ASUS TUF Gaming B650E-E WIFI AMD AM5 B650 ATX Motherboard Ryzen 9000 Series,B650E | B650,119.94,unknown,100.0,3.393780223445056,287.11,239.3780223445056,motherboard,161.69,34.8,151.74717051147258,0,172.0,43.4,136.65697674418604,0,193.26,61.1,110.62299492911106,0,264.58,13.23,251.35,79.35,46.13,41.65,24.22,1.1,1.0,1.1,0.5911,101
152852754,falabella_pe,"Motherboard ROG STRIX B650E-F GAMING WIFI, Chipset AMD B650, Socket AMD AM5, ATX",B650E | B650,407.05,MOTHERBOARD,v1|127974637617|0,ebay_usa,ASUS - TUF GAMING B650E-PLUS WIFI AMD B650 ATX DDR5 Wi-Fi 7 Motherboard - Black,B650E | B650,120.0,unknown,100.0,3.3920833333333333,287.05,239.2083333333333,motherboard,161.76,34.8,151.6382294757666,0,172.08,43.4,136.5469549046955,0,193.34,61.1,110.5358435916003,0,264.58,13.23,251.35,79.27,46.07,41.57,24.16,1.1,1.0,1.1,0.5903,102
155177230,falabella_pe,"Tarjeta Madre Z790 D Para Procesadores Intel Lga1700, Soporte Ddr5, Ranura Pcie 5",Z790 | LGA1700,285.25,MOTHERBOARD,B0BJDZ4YZR,amazon_usa,ASRock Z790 Pro RS Intel Z790 Series CPU (LGA1700) DDR5 Memory Compatible Z790 ATX Motherboard,Z790 | LGA1700,79.92,MOTHERBOARD,100.0,3.569194194194194,205.33,256.9194194194194,motherboard,111.74,39.8,155.28011455163772,0,120.62,50.9,136.48648648648646,0,137.26,71.8,107.81728107241732,0,185.41,9.27,176.14,55.52,46.03,29.1,24.13,1.1,1.0,1.1,0.59,103
141020614,falabella_pe,"Procesador Ryzen 5 9600X 3.90 / 5.40 GHz, 32MB L3 Cache, 6-Cores",RYZEN 5 9600X,363.0,procesadores,v1|198500134103|497517279537,ebay_usa,AMD RYZEN 5 9600X 8600G 8500G 8400F 7600X 7600 7500F 7400F Socket AM5 Zen4 CPU,RYZEN 5 9600X,110.0,unknown,100.0,3.3,253.0,230.0,procesadores,149.28,35.7,143.16720257234726,0,159.24,44.8,127.95779954785228,0,179.35,63.0,102.39754669640368,0,235.95,11.8,224.15,64.91,40.76,31.29,19.65,1.3,1.0,1.3,0.5882,104
155554477,falabella_pe,SSD M.2 1TB Predator GM7 PCIe 4.0 NVMe 2.0,M.2 1TB,402.06,discos_ssd,B01N10L1XS,amazon_usa,"KingSpec 1TB M.2 SATA 2280 SSD NOT for NVMe Slots, Upgrade for Laptop/Desktop, SATA III 6Gb/s, B+M Key, Up to 550MB/s",1TB M.2,125.97,SSD,100.0,3.1917123124553464,276.09000000000003,219.17123124553467,discos_ssd,169.21,34.3,137.61007032681283,0,179.75,42.7,123.67732962447845,0,201.7,60.1,99.3356470004958,0,261.34,13.07,248.27,68.52,38.12,31.28,17.4,1.4,1.0,1.4,0.5872,105
140690274,falabella_pe,MONITOR TUF GAMING VG27AQ3A 27 FAST IPS QHD 180Hz 1ms HDMI DP,180HZ,458.61,monitores,v1|176454841516|0,ebay_usa,"Z-EDGE UG27 1080P FHD 180Hz 1ms Curved Gaming Monitor, FreeSync, HDMI 2.0, DP1.4",180HZ,139.99,unknown,100.0,3.276019715693978,318.62,227.60197156939785,monitores,186.71,33.4,145.62690803920518,0,197.75,41.3,131.9140328697851,0,221.31,58.1,107.22515927883964,0,298.1,14.9,283.2,85.45,43.21,42.97,21.73,1.2,1.0,1.2,0.5871,106
138948723,falabella_pe,Monitor Gaming 27 FHD IPS 165hz 1ms HDR10 AMD FreeSync Premium,165HZ,235.21,monitores,v1|178292230401|0,ebay_usa,Sceptre 165Hz 27-inch Gaming Monitor (HDMI and DP)(1920x1080),165HZ,65.0,unknown,100.0,3.618615384615385,170.21,261.86153846153843,monitores,93.12,43.3,152.588058419244,0,101.46,56.1,131.8253498915829,0,116.39,79.1,102.08780823094769,0,152.89,7.64,145.25,43.79,43.16,22.0,21.68,1.2,1.0,1.2,0.5865,107
144515581,falabella_pe,Monitor Gamer 32GS75Q-B UltraGear IPS QHD 180Hz 1ms G-Sync FreeSync,180HZ,678.21,monitores,v1|117317476039|0,ebay_usa,ASUS ROG Strix XG27ACS 27in LCD Gaming Monitor 2560x1440 180Hz 1ms HDMI DP,180HZ,175.0,unknown,100.0,3.8754857142857135,503.21,287.54857142857145,monitores,230.4,31.7,194.36197916666669,0,292.7,67.3,131.70823368636832,0,330.3,88.7,105.33151680290644,0,440.84,22.04,418.8,126.1,43.08,63.28,21.62,1.2,1.0,1.2,0.5858,108
144515581,falabella_pe,Monitor Gamer 32GS75Q-B UltraGear IPS QHD 180Hz 1ms G-Sync FreeSync,180HZ,678.21,monitores,v1|206261773051|0,ebay_usa,ASUS ROG Strix XG27ACS 27in LCD Gaming Monitor 2560x1440 180Hz 1ms HDMI DP,180HZ,175.0,unknown,100.0,3.8754857142857135,503.21,287.54857142857145,monitores,230.4,31.7,194.36197916666669,0,292.7,67.3,131.70823368636832,0,330.3,88.7,105.33151680290644,0,440.84,22.04,418.8,126.1,43.08,63.28,21.62,1.2,1.0,1.2,0.5858,109
138883332,falabella_pe,Monitor G27I 27 FHD IPS 165hz 1ms HDR10 AMD FreeSync Premium,165HZ,235.04,monitores,v1|178292230401|0,ebay_usa,Sceptre 165Hz 27-inch Gaming Monitor (HDMI and DP)(1920x1080),165HZ,65.0,unknown,100.0,3.616,170.04,261.6,monitores,93.12,43.3,152.40549828178692,0,101.46,56.1,131.65779617583283,0,116.39,79.1,101.94174757281552,0,152.78,7.64,145.14,43.68,43.05,21.91,21.59,1.2,1.0,1.2,0.5854,110
152381719,falabella_pe,MOTHERBOARD SOCKET AMD AM5 MATX P-N B650M GAMING PLUS WIFI,B650M,232.66,MOTHERBOARD,v1|117080890863|0,ebay_usa,GIGABYTE B650M-C V2-Y1 Micro ATX Motherboard [AM5]  [DDR5],B650M,62.85,unknown,100.0,3.701829753381066,169.81,270.1829753381066,motherboard,90.44,43.9,157.2534276868642,0,98.7,57.0,135.72441742654507,0,113.38,80.4,105.2037396366202,0,151.23,7.56,143.67,44.97,45.56,23.42,23.73,1.1,1.0,1.1,0.585,111
152381719,falabella_pe,MOTHERBOARD SOCKET AMD AM5 MATX P-N B650M GAMING PLUS WIFI,B650M,232.66,MOTHERBOARD,v1|117079087861|0,ebay_usa,GIGABYTE B650M-C V3 Micro ATX Motherboard [AM5]  [DDR5],B650M,62.85,unknown,100.0,3.701829753381066,169.81,270.1829753381066,motherboard,90.44,43.9,157.2534276868642,0,98.7,57.0,135.72441742654507,0,113.38,80.4,105.2037396366202,0,151.23,7.56,143.67,44.97,45.56,23.42,23.73,1.1,1.0,1.1,0.585,112
132294981,falabella_pe,Monitor G27I 27 FHD IPS 165hz 1ms HDR10 AMD FreeSync Premium,165HZ,234.65,monitores,v1|178292230401|0,ebay_usa,Sceptre 165Hz 27-inch Gaming Monitor (HDMI and DP)(1920x1080),165HZ,65.0,unknown,100.0,3.61,169.65,261.0,monitores,93.12,43.3,151.98668384879724,0,101.46,56.1,131.27340823970036,0,116.39,79.1,101.60666723945356,0,152.52,7.63,144.89,43.43,42.81,21.7,21.39,1.2,1.0,1.2,0.5829,113
152676194,falabella_pe,Placa Madre Z890 Ud Wifi6E Socket Intel Lga1851 Conectividad Wi-Fi 6E,Z890 | LGA1851,379.45,MOTHERBOARD,B0DJDFY3FL,amazon_usa,"ASUS ROG Strix Z890-E Gaming WiFi - Intel Z890, LGA1851, DDR5 8800, DP, HDMI, 2xUSB4, 7xM.2, USB3.2, WiFi 7+BT, Aura RGB, 5Gb LAN, ATX, 18+1+2+2 Power, TB4, NitroPath DRAM, NPU Boost Motherboard",Z890 | LGA1851,111.63,MOTHERBOARD,100.0,3.3991758487861685,267.82,239.91758487861685,motherboard,151.31,35.5,150.7765514506642,0,161.33,44.5,135.2011405194322,0,181.63,62.7,108.91372570610582,0,246.64,12.33,234.31,72.98,45.24,37.83,23.45,1.1,1.0,1.1,0.5816,114
154863023,falabella_pe,FUENTE DE PODER RM850X 850W BLACK,850W | RM850X,196.48,PSU,v1|127991454913|0,ebay_usa,Corsair RM850x 850W ATX 80 Plus Gold Fully Modular Power Supply PSU        #5108,850W | RM850X,49.99,unknown,100.0,3.930386077215443,146.48999999999998,293.0386077215442,psu,74.39,48.8,164.12152170990723,0,82.19,64.4,139.05584621000122,0,95.39,90.8,105.97546912674282,0,127.71,6.39,121.32,39.13,47.61,20.93,25.47,1.0,1.0,1.0,0.5798,115
154123256,falabella_pe,Memoria Ram Fury Beast 8Gb Ddr5 5200Mhz Rgb Con Xmp 3.0 - Rendimiento Optimizado,8GB DDR5 5200MHZ,367.68,memorias_ram,B0D2LX9TGH,amazon_usa,"Samsung 8GB DDR5 5600MHz PC5-44800 CL46 SODIMM 1Rx16 Single Rank 1.1V 262-Pin Laptop RAM Memory M425R1GB4BB0-CWM, 1 Module",8GB DDR5 5600MHZ,114.98,RAM,93.75,3.19777352583058,252.7,219.777352583058,memorias_ram,155.5,35.2,136.4501607717042,0,165.63,44.1,121.98877015033509,0,186.32,62.0,97.3379132674968,0,238.99,11.95,227.04,61.41,37.08,27.35,16.51,1.5,0.9375,1.4062,0.5779,116
153453600,falabella_pe,Unidad En Estado Sólido Wd Green Sn350 1Tb Nvme M.2 2280 Pcie Gen3 X4,1TB NVME | SN350,417.72,discos_ssd,v1|366537709674|0,ebay_usa,"Western Digital SanDisk WD Blue SN5100 M.2 2280 1TB NVMe SSD, PCIe Gen 4.0",1TB NVME | SN5100,129.0,unknown,90.9090909090909,3.238139534883721,288.72,223.8139534883721,discos_ssd,172.99,34.1,141.47060523729695,0,183.64,42.4,127.46678283598348,0,205.94,59.6,102.8357774108964,0,271.52,13.58,257.94,74.3,40.46,35.61,19.39,1.4,0.9090909090909091,1.2727,0.5777,117
152676266,falabella_pe,Placa Madre Z890 Ud Socket Intel Lga1851 Chipset Z890 Formato Atx,Z890 | LGA1851,297.03,MOTHERBOARD,B0DJDFTS7R,amazon_usa,"ASUS PRIME Z890-P WIFI Motherboard: Intel Z890 LGA1851, DDR5 8400, DP HDMI USB4, 4x M2, WiFi 7 + BT, AURA RGB, 2.5Gbit LAN, ATX 14+1+2+1 Power Phases, Thunderbolt 4, AI Technology",Z890 | LGA1851,84.61,MOTHERBOARD,100.0,3.5105779458692825,212.42,251.0577945869282,motherboard,117.59,39.0,152.5980100348669,0,126.64,49.7,134.5467466835123,0,143.83,70.0,106.51463533337964,0,193.07,9.65,183.42,56.78,44.84,29.27,23.11,1.1,1.0,1.1,0.5774,118
145477012,falabella_pe,Monitor Curvo Gaming G34WQi de 34 WQHD 3440x1440 180Hz 1ms,180HZ,454.95,monitores,v1|176454841516|0,ebay_usa,"Z-EDGE UG27 1080P FHD 180Hz 1ms Curved Gaming Monitor, FreeSync, HDMI 2.0, DP1.4",180HZ,139.99,unknown,100.0,3.2498749910707905,314.96,224.98749910707903,monitores,186.71,33.4,143.66664881366827,0,197.75,41.3,130.063211125158,0,221.31,58.1,105.57137047580316,0,295.72,14.79,280.93,83.18,42.06,41.04,20.75,1.2,1.0,1.2,0.5751,119
133065300,falabella_pe,MONITOR GAMER 24GQ50F-B 238 VA FHD 165hz,165HZ,232.39,monitores,v1|178292230401|0,ebay_usa,Sceptre 165Hz 27-inch Gaming Monitor (HDMI and DP)(1920x1080),165HZ,65.0,unknown,100.0,3.575230769230769,167.39,257.5230769230769,monitores,93.12,43.3,149.55970790378004,0,101.46,56.1,129.0459294303174,0,116.39,79.1,99.664919666638,0,151.05,7.55,143.5,42.04,41.44,20.52,20.22,1.2,1.0,1.2,0.5686,120
141020614,falabella_pe,"Procesador Ryzen 5 9600X 3.90 / 5.40 GHz, 32MB L3 Cache, 6-Cores",RYZEN 5 9600X,363.0,procesadores,v1|198513444287|497523431948,ebay_usa,AMD RYZEN 5 9600X 8600G 8500G 8400F 7600X 7600 7500F 7400F Socket AM5 Zen4 CPU,RYZEN 5 9600X,111.99,unknown,100.0,3.24136083578891,251.01,224.13608357889092,procesadores,151.76,35.5,139.19346336320507,0,161.8,44.5,124.35105067985164,0,182.14,62.6,99.29724387833537,0,235.95,11.8,224.15,62.35,38.54,28.73,17.76,1.3,1.0,1.3,0.565,121
155610718,falabella_pe,Procesador Ryzen 5 9600X 6 Nacleos 5.4GHz AM5,RYZEN 5 9600X,337.44,procesadores,v1|187516494752|695378535112,ebay_usa,AMD RYZEN 5 9600X 8600G 8500G 8400F 7600X 7600 7500F 7400F Socket AM5 Zen4 CPU,RYZEN 5 9600X,103.5,unknown,100.0,3.260289855072464,233.94,226.0289855072464,procesadores,141.17,36.4,139.03095558546434,0,150.89,45.8,123.63311021273778,0,170.26,64.5,98.19100199694586,0,219.34,10.97,208.37,57.48,38.09,26.22,17.38,1.3,1.0,1.3,0.5603,122
155010284,falabella_pe,Procesador AMD Ryzen 5 7600X AM5 6 Núcleos 12 Hilos 100-100000593WOF,RYZEN 5 7600X,442.0,procesadores,v1|115712758959|0,ebay_usa,"AMD Ryzen 5 7600X Processor (4.7 GHz, 6 Cores, Socket AM5)",RYZEN 5 7600X,139.99,unknown,100.0,3.1573683834559607,302.01,215.73683834559608,procesadores,186.71,33.4,136.73075893096245,0,197.75,41.3,123.51453855878634,0,221.31,58.1,99.71984998418507,0,287.3,14.37,272.93,75.18,38.02,34.24,17.31,1.3,1.0,1.3,0.5595,123
10057317,coolbox_pe,"Placa madre Asrock Z890 PRO-A LGA1851, DDR5, ATX",Z890 | LGA1851,293.39,MOTHERBOARD,B0DJDFTS7R,amazon_usa,"ASUS PRIME Z890-P WIFI Motherboard: Intel Z890 LGA1851, DDR5 8400, DP HDMI USB4, 4x M2, WiFi 7 + BT, AURA RGB, 2.5Gbit LAN, ATX 14+1+2+1 Power Phases, Thunderbolt 4, AI Technology",Z890 | LGA1851,84.61,MOTHERBOARD,100.0,3.4675570263562223,208.78,246.75570263562224,motherboard,117.59,39.0,149.5025087167276,0,126.64,49.7,131.67245735944408,0,143.83,70.0,103.98386984634637,0,190.7,9.54,181.16,54.52,43.05,27.35,21.6,1.1,1.0,1.1,0.5589,124
152445906,falabella_pe,PLACA MADRE PRO Z890-P WIFI LGA1851 USB-C HDMI PN PRO-Z890-P-WIFI,Z890 | LGA1851,370.04,MOTHERBOARD,B0DJDFM619,amazon_usa,"ASUS ROG Maximus Z890 Hero Intel Z890 LGA1851 DDR5 9200 HDMI 2xUSB4 6X M2 USB3.2 WiFi 7 + BT Aura RGB 5Gbit + 2.5Gbit LAN ATX 22+1+2+2 Power Phases, Motherboard",Z890 | LGA1851,110.77,MOTHERBOARD,100.0,3.3406156901688187,259.27000000000004,234.06156901688183,motherboard,150.24,35.6,146.29925452609157,0,160.23,44.6,130.94301940959875,0,180.43,62.9,105.08784570193428,0,240.53,12.03,228.5,68.27,42.61,33.99,21.21,1.1,1.0,1.1,0.5541,125
140722659,falabella_pe,Monitor Gamer UltraGear 24GN65R Full HD IPS 144Hz 1ms sRGB 99 HDR10,144HZ,282.4,monitores,v1|116921785656|0,ebay_usa,"LG UltraGear 27G411A-B AUS 27-Inch Full HD IPS Gaming Monitor, 144Hz Overclock,",144HZ,83.0,unknown,100.0,3.4024096385542166,199.4,240.24096385542163,monitores,115.58,39.3,144.33292957259042,0,124.57,50.1,126.69984747531508,0,141.57,70.6,99.47729038638128,0,183.56,9.18,174.38,49.81,39.99,23.65,18.99,1.2,1.0,1.2,0.5534,126
151221205,falabella_pe,MONITOR ULTRAGEAR G4 27G411A-B 27 IPS FHD 144Hz OC 1ms Compatible G-Sync FreeSync,144HZ,282.33,monitores,v1|116921785656|0,ebay_usa,"LG UltraGear 27G411A-B AUS 27-Inch Full HD IPS Gaming Monitor, 144Hz Overclock,",144HZ,83.0,unknown,100.0,3.4015662650602407,199.33,240.15662650602408,monitores,115.58,39.3,144.27236546115245,0,124.57,50.1,126.643654170346,0,141.57,70.6,99.42784488239032,0,183.51,9.18,174.33,49.76,39.95,23.61,18.95,1.2,1.0,1.2,0.5529,127
152177572,falabella_pe,MONITOR 24GL600F 23.6 ULTRAGEAR 144HZ HDMI AUDIO 1MS PN 24GL600F,144HZ,282.08,monitores,v1|116921785656|0,ebay_usa,"LG UltraGear 27G411A-B AUS 27-Inch Full HD IPS Gaming Monitor, 144Hz Overclock,",144HZ,83.0,unknown,100.0,3.3985542168674696,199.08,239.8554216867469,monitores,115.58,39.3,144.0560650631597,0,124.57,50.1,126.44296379545636,0,141.57,70.6,99.25125379670834,0,183.35,9.17,174.18,49.61,39.82,23.48,18.85,1.2,1.0,1.2,0.5517,128
150138853,falabella_pe,PC Para Oficina Core I5 8GB Ram 512gb Ssd con Case Gamer,512GB SSD,352.29,computadoras,v1|178343384074|0,ebay_usa,32 GB 2x 16GB RAM Memory DDR4 PC4-3200 Plus 512GB SSD NVMe M.2 TLC PCLe Gen 3 x4,512GB SSD,99.0,unknown,100.0,3.5584848484848486,253.29,255.84848484848487,computadoras,135.55,36.9,159.89671707856877,0,145.12,46.6,142.7577177508269,0,163.96,65.6,114.86338131251526,0,228.99,11.45,217.54,72.42,49.9,39.79,27.42,0.8,1.0,0.8,0.5504,129
152445906,falabella_pe,PLACA MADRE PRO Z890-P WIFI LGA1851 USB-C HDMI PN PRO-Z890-P-WIFI,Z890 | LGA1851,370.04,MOTHERBOARD,B0DJDFY3FL,amazon_usa,"ASUS ROG Strix Z890-E Gaming WiFi - Intel Z890, LGA1851, DDR5 8800, DP, HDMI, 2xUSB4, 7xM.2, USB3.2, WiFi 7+BT, Aura RGB, 5Gb LAN, ATX, 18+1+2+2 Power, TB4, NitroPath DRAM, NPU Boost Motherboard",Z890 | LGA1851,111.63,MOTHERBOARD,100.0,3.3148795126758044,258.41,231.48795126758043,motherboard,151.31,35.5,144.55753089683432,0,161.33,44.5,129.36837537965658,0,181.63,62.7,103.73286351373676,0,240.53,12.03,228.5,67.17,41.64,32.89,20.39,1.1,1.0,1.1,0.544,130
155002625,falabella_pe,Fuente de alimentación TUF Gaming 1000G 1000W Gold 80 PLUS Gold Formato ATX Blanco,1000W GOLD,240.59,PSU,B0CCG8S1VL,amazon_usa,"ASUS ROG Strix 1000W Gold Aura Edition (Fully Modular Power Supply, 80+ Gold Certified, ATX 3.0, Cybenetics Lambda A+ Certification, PCIe Gen 5.0 Ready, Axial-tech Fan, Aura Sync, 10-Year Warranty)",1000W GOLD,66.65,PSU,100.0,3.609752438109527,173.94,260.9752438109527,psu,95.18,42.8,152.77369195209076,0,103.58,55.4,132.2745703803823,0,118.7,78.1,102.68744734625106,0,156.38,7.82,148.56,44.98,43.43,22.7,21.92,1.0,1.0,1.0,0.5361,131
142762309,falabella_pe,"Procesador Core Ultra 5 245kf 4.25/5.20GHz, 24MB Smart Caché",CORE ULTRA 5 245KF,528.6,CPU,3256812273352129,aliexpress,Ultra 5 225F Intel Core Ultra 5 225F CPU processor 2.7GHz 10 cores 10 threads LGA 1851 New but without Cooler,CORE ULTRA 5 225F,169.6,CPU,91.42857142857144,3.116745283018868,359.0,211.6745283018868,cpu,223.66,31.9,136.34087454171512,0,235.77,39.0,124.2015523603512,0,322.74,90.3,63.78509016545827,0,343.59,17.18,326.41,90.64,38.44,41.68,17.68,1.3,0.9142857142857145,1.1886,0.5343,132
151829880,falabella_pe,MONITOR 32 UltraGear Curvo 32G600A-B 2560×1440 180Hz 1ms HDMI DP FreeSync PIVOT,180HZ,440.96,monitores,v1|176454841516|0,ebay_usa,"Z-EDGE UG27 1080P FHD 180Hz 1ms Curved Gaming Monitor, FreeSync, HDMI 2.0, DP1.4",180HZ,139.99,unknown,100.0,3.149939281377241,300.97,214.99392813772408,monitores,186.71,33.4,136.17374538053664,0,197.75,41.3,122.98862199747154,0,221.31,58.1,99.24992092539875,0,286.62,14.33,272.29,74.54,37.69,33.7,17.04,1.2,1.0,1.2,0.5295,133
136893548,falabella_pe,MONITOR ULTRAGEAR 27 QHD VA Curv 1000R 1ms 180Hz 2x HDMI 1x DP,180HZ,440.44,monitores,v1|176454841516|0,ebay_usa,"Z-EDGE UG27 1080P FHD 180Hz 1ms Curved Gaming Monitor, FreeSync, HDMI 2.0, DP1.4",180HZ,139.99,unknown,100.0,3.146224730337881,300.45,214.62247303378808,monitores,186.71,33.4,135.89523860532375,0,197.75,41.3,122.72566371681415,0,221.31,58.1,99.0149563960056,0,286.29,14.31,271.98,74.23,37.54,33.43,16.91,1.2,1.0,1.2,0.5279,134
155102693,falabella_pe,Monitor G34WQi EU 34 2K WQHD 180Hz 1ms,180HZ,440.23,monitores,v1|176454841516|0,ebay_usa,"Z-EDGE UG27 1080P FHD 180Hz 1ms Curved Gaming Monitor, FreeSync, HDMI 2.0, DP1.4",180HZ,139.99,unknown,100.0,3.1447246231873707,300.24,214.47246231873703,monitores,186.71,33.4,135.78276471533394,0,197.75,41.3,122.61946902654869,0,221.31,58.1,98.9200668745199,0,286.15,14.31,271.84,74.09,37.47,33.31,16.84,1.2,1.0,1.2,0.527,135
152435882,falabella_pe,PLACA MADRE ROG STRIX SOCKET AM5 PN ROG STRIX B650-A GAM WIFI,B650,350.14,MOTHERBOARD,B0C953W5VM,amazon_usa,"MSI PRO B650-P WiFi ProSeries Motherboard (AMD AM5, ATX, DDR5, PCIe 4.0, M.2, SATA 6Gb/s, USB 3.2 Gen 2, HDMI/DP, Wi-Fi 6E, AMD Ryzen 7000 Series Desktop Processors) (Renewed)",B650,106.44,MOTHERBOARD,100.0,3.289552799699361,243.7,228.9552799699361,motherboard,144.84,36.1,141.74261253797292,0,154.67,45.3,126.3787418374604,0,174.37,63.8,100.80289040545964,0,227.59,11.38,216.21,61.54,39.79,29.11,18.82,1.1,1.0,1.1,0.5247,136
144520069,falabella_pe,"Monitor Thinkvision T24I-30 De 23.8"" Fhd Ips, 180Hz, 1Ms, Con Pivote Y Diseño Ergon",180HZ,438.46,monitores,v1|176454841516|0,ebay_usa,"Z-EDGE UG27 1080P FHD 180Hz 1ms Curved Gaming Monitor, FreeSync, HDMI 2.0, DP1.4",180HZ,139.99,unknown,100.0,3.13208086291878,298.47,213.208086291878,monitores,186.71,33.4,134.8347704997054,0,197.75,41.3,121.724399494311,0,221.31,58.1,98.12028376485472,0,285.0,14.25,270.75,73.0,36.92,32.39,16.38,1.2,1.0,1.2,0.5214,137
139042173,falabella_pe,Monitor Gamer 32GS75Q-B UltraGear IPS QHD 180Hz 1ms G-Sync FreeSync,180HZ,647.82,monitores,v1|117317476039|0,ebay_usa,ASUS ROG Strix XG27ACS 27in LCD Gaming Monitor 2560x1440 180Hz 1ms HDMI DP,180HZ,175.0,unknown,100.0,3.701828571428572,472.8200000000001,270.1828571428572,monitores,230.4,31.7,181.17187500000003,0,292.7,67.3,121.32558934062185,0,330.3,88.7,96.13079019073572,0,421.08,21.05,400.03,107.33,36.67,47.33,16.17,1.2,1.0,1.2,0.5188,138
139042173,falabella_pe,Monitor Gamer 32GS75Q-B UltraGear IPS QHD 180Hz 1ms G-Sync FreeSync,180HZ,647.82,monitores,v1|206261773051|0,ebay_usa,ASUS ROG Strix XG27ACS 27in LCD Gaming Monitor 2560x1440 180Hz 1ms HDMI DP,180HZ,175.0,unknown,100.0,3.701828571428572,472.8200000000001,270.1828571428572,monitores,230.4,31.7,181.17187500000003,0,292.7,67.3,121.32558934062185,0,330.3,88.7,96.13079019073572,0,421.08,21.05,400.03,107.33,36.67,47.33,16.17,1.2,1.0,1.2,0.5188,139
150559461,falabella_pe,"Monitor Gaming Ultragear 24"" Full Hd Ips 180Hz, 1Ms, Freesync/G-Sync, Hdmi Y Displaypor","24"" | 180HZ",417.43,monitores,v1|158064847957|0,ebay_usa,"27"" LG UltraGear QHD 180Hz 2560x1440 IPS LED HDR Gaming Monitor (Read)","27"" | 180HZ",129.99,unknown,90.9090909090909,3.211247019001461,287.44,221.1247019001461,monitores,174.23,34.0,139.58560523446022,0,184.91,42.2,125.7476610242821,0,207.32,59.5,101.34574570711943,0,271.33,13.57,257.76,72.85,39.4,34.19,18.49,1.2,0.9090909090909091,1.0909,0.5182,140
149178445,falabella_pe,"Placa Madre Tuf Gaming B760-Plus Wifi Atx Lga1700, Ddr5, Compatibilidad Intel 12ª/13ª",B760 | LGA1700,347.1,MOTHERBOARD,3256809221568151,aliexpress,SOYO New Intel B760M Motherboard USB3.2 NVME Dual Channel DDR4 M-ATX LGA1700 Supports Intel 12400F/13400F/12600K for Desktop PC,B760M | LGA1700,105.21,CPU,96.55172413793105,3.299116053607072,241.89000000000004,229.91160536070723,motherboard,143.3,36.2,142.21912072575017,0,153.09,45.5,126.72937487752304,0,172.65,64.1,101.0425716768028,0,225.62,11.28,214.34,61.25,40.01,29.1,19.01,1.1,0.9655172413793105,1.0621,0.5169,141
152391392,falabella_pe,PLACA MADRE PRIME LGA1700 2HDMI USB MATX PN PRIME B760M-A-CSM,B760M | LGA1700,151.74,MOTHERBOARD,B0CBNP35BD,amazon_usa,ASRock B760 Pro RS WiFi 6E LGA1700 HDMI DisplayPort eDP Intel B760 ATX Motherboard DDR5 192GB 7200+ (OC) MHz SATA3 6.0 Gb/s USB3.2 Gen2 2.5G LAN PCIe5.0 M.2 64Bit,B760 | LGA1700,38.19,MOTHERBOARD,96.55172413793105,3.973291437549097,113.55,297.3291437549097,motherboard,59.66,56.2,154.3412671806906,0,67.04,75.5,126.34248210023868,0,78.88,106.5,92.36815415821503,0,98.63,4.93,93.7,26.66,39.77,12.6,18.79,1.1,0.9655172413793105,1.0621,0.5142,142
143925976,falabella_pe,Monitor Rog Strix XG27WCS 27 Curvo VA FAST WQHD 180Hz 1ms,180HZ,642.88,monitores,v1|117317476039|0,ebay_usa,ASUS ROG Strix XG27ACS 27in LCD Gaming Monitor 2560x1440 180Hz 1ms HDMI DP,180HZ,175.0,unknown,100.0,3.6736,467.88,267.36,monitores,230.4,31.7,179.02777777777777,0,292.7,67.3,119.63785445848994,0,330.3,88.7,94.63518013926732,0,417.87,20.89,396.98,104.28,35.63,44.73,15.28,1.2,1.0,1.2,0.5078,143
143925976,falabella_pe,Monitor Rog Strix XG27WCS 27 Curvo VA FAST WQHD 180Hz 1ms,180HZ,642.88,monitores,v1|206261773051|0,ebay_usa,ASUS ROG Strix XG27ACS 27in LCD Gaming Monitor 2560x1440 180Hz 1ms HDMI DP,180HZ,175.0,unknown,100.0,3.6736,467.88,267.36,monitores,230.4,31.7,179.02777777777777,0,292.7,67.3,119.63785445848994,0,330.3,88.7,94.63518013926732,0,417.87,20.89,396.98,104.28,35.63,44.73,15.28,1.2,1.0,1.2,0.5078,144
144358078,falabella_pe,"Placa Base B650M Project Zero - Chipset Amd B650, Socket Am5, Formato Matx Para Gaming",B650M | B650,341.18,MOTHERBOARD,B0DKHV68LY,amazon_usa,"ASUS Prime B650M-A AX II AMD B650 AM5 Ryzen™ Desktop 9000 8000 & 7000 Micro-ATX mATX Motherboard, DDR5, PCIe 5.0 M.2, 2.5Gb LAN, Wi-Fi 6, DisplayPort, HDMI®, BIOS Flashback™ (Renewed)",B650M | B650,105.0,MOTHERBOARD,100.0,3.2493333333333334,236.18,224.9333333333333,motherboard,143.04,36.2,138.52069351230426,0,152.82,45.5,123.25611830912186,0,172.36,64.1,97.94615920167092,0,221.77,11.09,210.68,57.86,37.86,26.26,17.18,1.1,1.0,1.1,0.5045,145
155039974,falabella_pe,MOTHERBOARD AMD B650 AM5 ATX P-N ROG STRIX B650E-F GAMING WIFI,B650 | B650E,381.79,MOTHERBOARD,v1|127800998570|0,ebay_usa,ASUS TUF Gaming B650E-E WIFI AMD AM5 B650 ATX Motherboard Ryzen 9000 Series,B650E | B650,119.94,unknown,100.0,3.1831749207937303,261.85,218.31749207937304,motherboard,161.69,34.8,136.1246830354382,0,172.0,43.4,121.97093023255816,0,193.26,61.1,97.5525199213495,0,248.16,12.41,235.75,63.75,37.06,28.39,16.51,1.1,1.0,1.1,0.4963,146
155039974,falabella_pe,MOTHERBOARD AMD B650 AM5 ATX P-N ROG STRIX B650E-F GAMING WIFI,B650 | B650E,381.79,MOTHERBOARD,v1|127974637617|0,ebay_usa,ASUS - TUF GAMING B650E-PLUS WIFI AMD B650 ATX DDR5 Wi-Fi 7 Motherboard - Black,B650E | B650,120.0,unknown,100.0,3.1815833333333337,261.79,218.15833333333336,motherboard,161.76,34.8,136.02250247279923,0,172.08,43.4,121.86773593677358,0,193.34,61.1,97.47077686976311,0,248.16,12.41,235.75,63.67,37.0,28.31,16.45,1.1,1.0,1.1,0.4955,147
133848372,falabella_pe,Motherboard ROG STRIX B650E-F GAMING WIFI AMD B650 AM5 ATX,B650E | B650,380.04,MOTHERBOARD,v1|127800998570|0,ebay_usa,ASUS TUF Gaming B650E-E WIFI AMD AM5 B650 ATX Motherboard Ryzen 9000 Series,B650E | B650,119.94,unknown,100.0,3.168584292146073,260.1,216.85842921460733,motherboard,161.69,34.8,135.04236501948174,0,172.0,43.4,120.95348837209303,0,193.26,61.1,96.64700403601368,0,247.03,12.35,234.68,62.68,36.44,27.48,15.98,1.1,1.0,1.1,0.4898,148
133848372,falabella_pe,Motherboard ROG STRIX B650E-F GAMING WIFI AMD B650 AM5 ATX,B650E | B650,380.04,MOTHERBOARD,v1|127974637617|0,ebay_usa,ASUS - TUF GAMING B650E-PLUS WIFI AMD B650 ATX DDR5 Wi-Fi 7 Motherboard - Black,B650E | B650,120.0,unknown,100.0,3.1670000000000003,260.04,216.7,motherboard,161.76,34.8,134.9406528189911,0,172.08,43.4,120.8507670850767,0,193.34,61.1,96.5656356677356,0,247.03,12.35,234.68,62.6,36.38,27.4,15.92,1.1,1.0,1.1,0.489,149
152852754,falabella_pe,"Motherboard ROG STRIX B650E-F GAMING WIFI, Chipset AMD B650, Socket AMD AM5, ATX",B650E | B650,407.05,MOTHERBOARD,v1|158086463974|0,ebay_usa,ASUS TUF Gaming B650E-PLUS WiFi AMD B650 ATX Motherboard 24-Pin PCIe 5.0x16 Slot,B650E | B650,129.99,unknown,100.0,3.1313947226709744,277.06,213.13947226709743,motherboard,174.23,34.0,133.62796303736442,0,184.91,42.2,120.1341193012817,0,207.32,59.5,96.33899286127726,0,264.58,13.23,251.35,66.44,35.93,28.74,15.54,1.1,1.0,1.1,0.4844,150
145819088,falabella_pe,Motherboard B650M GAMING PLUS WIFI AMD B650 AMD AM5 mATX,B650M | B650,335.68,MOTHERBOARD,B0DKHV68LY,amazon_usa,"ASUS Prime B650M-A AX II AMD B650 AM5 Ryzen™ Desktop 9000 8000 & 7000 Micro-ATX mATX Motherboard, DDR5, PCIe 5.0 M.2, 2.5Gb LAN, Wi-Fi 6, DisplayPort, HDMI®, BIOS Flashback™ (Renewed)",B650M | B650,105.0,MOTHERBOARD,100.0,3.196952380952381,230.68,219.69523809523807,motherboard,143.04,36.2,134.675615212528,0,152.82,45.5,119.65711294333204,0,172.36,64.1,94.75516361104664,0,218.19,10.91,207.28,54.46,35.64,23.37,15.29,1.1,1.0,1.1,0.4813,151
152445881,falabella_pe,PLACA MADRE PRIME-Z890-P-WIFI SOCKET 1851 WIFI 7 PCIE 5.0 USB 10GBPS 4X DDR5 DIMM M2 THUNDERBOLT 4 P-N PRIME-Z890-P-WIFI,Z890,361.89,MOTHERBOARD,B0BSLJY9R6,amazon_usa,"msi PRO Z890-S WiFi PZ Motherboard, Back-Connect ATX - Supports Intel Core Ultra Processors (Series 2), LGA 1851 - DDR5 Memory Boost (8600+ MT/s OC), PCIe 5.0 x16, M.2 Gen5, Wi-Fi 7, 2.5G LAN",Z890,114.45,MOTHERBOARD,100.0,3.161992136304063,247.44,216.1992136304063,motherboard,154.83,35.3,133.73377252470448,0,164.95,44.1,119.39375568354048,0,185.58,62.1,95.00484966052372,0,235.23,11.76,223.47,58.52,35.48,25.0,15.16,1.1,1.0,1.1,0.4797,152
152455498,falabella_pe,Fuente De Poder Seasonic Gx-850W-V2 80Plus Gold 850W Full Modular,850W | GX-850W,232.26,PSU,B0C9S961ZZ,amazon_usa,"Apevia ATX-GX850W PCIe 5.0 & ATX 3.0 Ready Galaxy 850W 80+ Gold Certified, Gen 5 12VHPWR Connector, Active PFC ATX Semi-Modular Gaming Power Supply",850W | GX850W,66.99,PSU,96.2962962962963,3.4670846394984327,165.26999999999998,246.7084639498433,psu,95.6,42.7,142.9497907949791,0,104.02,55.3,123.28398384925978,0,119.17,77.9,94.8980448099354,0,150.97,7.55,143.42,39.4,37.88,17.89,17.2,1.0,0.962962962962963,0.963,0.4682,153
150139979,falabella_pe,PC Para Oficina Core I3 8GB Ram 512gb Ssd con Case Gamer,512GB SSD,323.02,computadoras,v1|178343384074|0,ebay_usa,32 GB 2x 16GB RAM Memory DDR4 PC4-3200 Plus 512GB SSD NVMe M.2 TLC PCLe Gen 3 x4,512GB SSD,99.0,unknown,100.0,3.262828282828283,224.02,226.2828282828283,computadoras,135.55,36.9,138.30320914791588,0,145.12,46.6,122.58820286659316,0,163.96,65.6,97.01146621127104,0,209.96,10.5,199.46,54.34,37.44,24.42,16.83,0.8,1.0,0.8,0.4202,154
