batch_id,timestamp,source,category,sku,title,price_pen,price_usd,price_date,rating,reviews,url,shipping_usd,total_usd
20261005_041726,2026-10-05T04:32:35.587622+00:00,aliexpress,CPU,3256809976564341,15th generation CPU Intel Core Ultra 9 285K Z890 main board RTX40 series 4080S/4090D graphics card,24285.42,7060.74,2026-10-05,0.0,0,,0.0,7060.74
20261005_041726,2026-10-05T04:32:35.587622+00:00,aliexpress,CPU,3256812109462227,For 15th Gen Intel Core Ultra 9 285K CPU Z890 Motherboard Compatible with RTX 40 Series Graphics Cards Including RTX 4080S,23405.63,6804.95,2026-10-05,0.0,0,,0.0,6804.95
20261005_041726,2026-10-05T04:32:35.587622+00:00,aliexpress,CPU,3256810615537589,New AS-US ROG STRIX Z890-A GAMING WIFI DDR5 5G Lan WIFI7 PCIe5.0  LGA 1851 CPU for 15th CPU Ultra 9/7/5 285K 265K 245K Processor,1685.35,490.0,2026-10-05,0.0,0,,0.0,490.0
20261005_041726,2026-10-05T04:32:35.587622+00:00,aliexpress,CPU,3256809512387005,"Vision Elite(Tower) Gaming Desktop,Intel Ultra9 285K , RTX 5090, DDR5 6000",8485.04,2466.94,2026-10-05,0.0,0,,0.0,2466.94
20261005_041726,2026-10-05T04:32:35.587622+00:00,aliexpress,CPU,3256808193859180,"Intel Core i5 14600KF I5-14600KF New CPU processor LGA 1700 , but without cooler",928.32,269.9,2026-10-05,4.6,0,,0.0,269.9
20261005_041726,2026-10-05T04:32:35.587622+00:00,aliexpress,CPU,3256810108964213,Intel Xeon 2680 V4 E5-2680V4 CPU 2.4 GHz fourteen cores 35M 120W 14nm LGA 2011-3,58.23,16.93,2026-10-05,4.9,0,,0.0,16.93
20261005_041726,2026-10-05T04:32:35.587622+00:00,aliexpress,CPU,3256805423809715,Core i5 650 Processor 3.2 GHz Dual-Core 4MB Cache Socket LGA 1156 32nm 73W Desktop CPU I5-650,31.33,9.11,2026-10-05,4.5,0,,0.0,9.11
20261005_041726,2026-10-05T04:32:35.587622+00:00,aliexpress,CPU,3256809597511982,AMD Ryzen 9 9950X3D 170W 4.3GHz Gaming Processor 4NM L3=128M 16-Core 32-Thread R9 9950X3D DDR5 Socket AM5 but without  fan,2397.16,696.95,2026-10-05,4.6,0,,0.0,696.95
20261005_041726,2026-10-05T04:32:35.587622+00:00,aliexpress,CPU,3256807956888892,MOREFINE M9PRO Mini PC 12900H Intel Core i9 Gaming Mini PC i5 12500H i7 12800H RAM 16G 512G NVME Desktop Portable Windows 11Pro,2272.51,660.71,2026-10-05,5.0,0,,0.0,660.71
20261005_041726,2026-10-05T04:32:35.587622+00:00,aliexpress,CPU,3256801212322036,"N6 Mini PC Intel Twin Lake N150 8GB/16GB 512GB/1TB Windows 11 Pro GK3 PLUS Gaming Computer, 4K 60Hz HDMI VGA Win11 Minipc",575.19,167.23,2026-10-05,4.8,0,,0.0,167.23
20261005_041726,2026-10-05T04:32:35.587622+00:00,aliexpress,CPU,3256810558380932,MINISFORUM BD895i SE/BD775i SE Motherboard Mini-ITX AMD Ryzen 9 8945HX/Ryzen 7 7745HX 2*DDR5 PCIe5.0x16 2.5G Lan Gaming Computer,1324.83,385.18,2026-10-05,5.0,0,,0.0,385.18
20261005_041726,2026-10-05T04:32:45.206894+00:00,aliexpress,CPU,3256812194503849,CPU ULTRA 7 265K U7 265K CPU Processor in stock,2040.45,593.24,2026-10-05,0.0,0,,0.0,593.24
20261005_041726,2026-10-05T04:32:45.206894+00:00,aliexpress,CPU,3256808585753064,"i5 14400F Intel New Core I5-14400F CPU processor LGA 1700 , but without cooler",718.17,208.8,2026-10-05,5.0,0,,0.0,208.8
20261005_041726,2026-10-05T04:32:45.206894+00:00,aliexpress,CPU,3256807966946078,5PCS TOP264VG TOP266VG TOP267VG TOP264 TOP266 TOP267 EDIP-12 Power management chip New original,17.06,4.96,2026-10-05,5.0,0,,0.0,4.96
20261005_041726,2026-10-05T04:32:45.206894+00:00,aliexpress,CPU,3256807474622531,Intel Xeon Gold 6138 2.0GHz 27.5MB Smart Cache 20-Cores 40-Thread 125W LGA3647 CPU Processor,3.75,1.09,2026-10-05,4.8,0,,0.0,1.09
20261005_041726,2026-10-05T04:32:45.206894+00:00,aliexpress,CPU,3256807939905603,Intel Core i5 14600KF New (14th gen) 3.5GHz 14-Core 20-Thread CPU L3=24M 125W LGA 1700 but without Cooler,1120.35,325.73,2026-10-05,3.3,0,,0.0,325.73
20261005_041726,2026-10-05T04:32:45.206894+00:00,aliexpress,CPU,3256810099217641,Bands For Garmin Venu 4 45mm 22mm Watch Strap for Venu 3 2 Forerunner 265 255 Music 570 47mm Vivoactive4 Silicone Sport Bracelet,9.53,2.77,2026-10-05,4.9,0,,0.0,2.77
20261005_041726,2026-10-05T04:32:45.206894+00:00,aliexpress,CPU,3256804494764544,Fully Tested 100%Working Mainboard For iPhone X/XR/XS/XS Max With Face ID 64g/256g Cleaned iCloud And Unlocked Phone Motherboard,144.46,42.0,2026-10-05,4.7,0,,0.0,42.0
20261005_041726,2026-10-05T04:32:45.206894+00:00,aliexpress,CPU,3256806050910856,3pcs TPU Protective Film For Garmin Venu 2 Plus 3 3S Vivoactive 4 4s MARQ2 Forerunner 265S 265 965 Screen Protector Not Glass,3.75,1.09,2026-10-05,4.2,0,,0.0,1.09
20261005_041726,2026-10-05T04:32:45.206894+00:00,aliexpress,CPU,3256805926731840,AMD EPYC 7551 CPU 32 Core 2.0 GHz Server Processor 180W 64MB Socket SP3 64-Thread CPU EPYC7551 Processors PS7551BDVIHAF,118.9,34.57,2026-10-05,5.0,0,,0.0,34.57
20261005_041726,2026-10-05T04:32:45.206894+00:00,aliexpress,CPU,3256806952708898,Xmeye 4K 16Ch Digital Video Recorder Board Mstar Ssr621Q Cpu Nvr 16 Channels Two Ways Audio P2P Onvif Cctv Security Protection,89.12,25.91,2026-10-05,4.9,0,,0.0,25.91
20261005_041726,2026-10-05T04:32:45.206894+00:00,aliexpress,CPU,3256809104518145,TV Box Android 16 T95 8K Ultra 4K 8GB 128GB Smart TV Box Bluetooth 6.0 Dual Wifi 5G Allwinner H616 Media Player Google Assistant,124.23,36.12,2026-10-05,4.6,0,,0.0,36.12
20261005_041726,2026-10-05T04:32:45.206894+00:00,aliexpress,CPU,3256804224695944,AMD Ryzen Threadripper 1950X 16 Cores 32 Threads Base Clock 3.4GHz Max. Boost Up to 4.0GHz Socket sTR4 TDP180W,670.6,194.97,2026-10-05,3.0,0,,0.0,194.97
20261005_041726,2026-10-05T04:32:45.206894+00:00,aliexpress,CPU,3256806816819929,"Radxa ROCK Pi E RK3328 4-core CPU, Dual Gigabit Ethernet,WiFi4 or WiFi5 Optional and eMMC Optional ,Single Board Computer",148.52,43.18,2026-10-05,4.7,0,,0.0,43.18
20261005_041726,2026-10-05T04:32:45.206894+00:00,aliexpress,CPU,3256809855065210,BolyGuard BG662-HQ Trail Camera 940nm Night Vision Invisible 4K Video 56MP Wildlife Hunting Game Camera Portable IP68 Waterproof,481.6,140.02,2026-10-05,5.0,0,,0.0,140.02
20261005_041726,2026-10-05T04:32:45.206894+00:00,aliexpress,CPU,3256812137868711,Sipeed MaixCAM2 4K AI Visual Camera Image RISC-V Rapid Deployment of AI Vision and Audio Applications Local LLMs OPENCV VLM YOLO,402.56,117.04,2026-10-05,0.0,0,,0.0,117.04
20261005_041726,2026-10-05T04:32:45.206894+00:00,aliexpress,CPU,3256810301242163,Watchband 22/26MM Watch Band Instinct3 Breathable Sporty Silicone Loop Watch Strap for Garmin Instinct 3 45mm 50mm Solar AMOLED,3.75,1.09,2026-10-05,5.0,0,,0.0,1.09
20261005_041726,2026-10-05T04:32:45.206894+00:00,aliexpress,CPU,3256807140735242,Gadinan 6MP Dual Lens PTZ POE IP Camera Outdoor Home Video Security Surveillance Motion Detection CCTV Support Onvif XMEye iCSee,104.25,30.31,2026-10-05,5.0,0,,0.0,30.31
20261005_041726,2026-10-05T04:32:45.206894+00:00,aliexpress,CPU,3256808301230259,Intel Core i5 14400F 2.5GHz 10-Core 16-Thread CPU Processor 65W LGA 1700 No cooler,784.62,228.12,2026-10-05,5.0,0,,0.0,228.12
20261005_041726,2026-10-05T04:32:45.206894+00:00,aliexpress,CPU,3256803949511843,Intel Core i3 12100F CPU  New i3-12100F 3.3 GHz 4-Core 8-Thread 65W LGA 1700,404.11,117.49,2026-10-05,4.0,0,,0.0,117.49
20261005_041726,2026-10-05T04:32:45.206894+00:00,aliexpress,CPU,3256809458377821,14400F but without cooler,535.53,155.7,2026-10-05,4.8,0,,0.0,155.7
20261005_041726,2026-10-05T04:33:00.049009+00:00,aliexpress,GPU,3256812250452253,"High Performance OC RTX 5080 Gaming Graphics Card | 16GB GDDR7, PCIe 5.0, DLSS 4, Quad-Fan Efficient Cooling Desktop PC GPU",10397.92,3023.09,2026-10-05,0.0,0,,0.0,3023.09
20261005_041726,2026-10-05T04:33:00.049009+00:00,aliexpress,GPU,3256812731940341,GeForce RTX 5080 16G GAMING TRIO  OC WHITE G5090-32GTC 32GB GDDR7 512-bit PCIe 5.0 Desktop Graphics Card,10511.04,3055.98,2026-10-05,0.0,0,,0.0,3055.98
20261005_041726,2026-10-05T04:33:00.049009+00:00,aliexpress,GPU,3256812391474622,RTX 5080 16G GAMING TRIO  OC WHITE G5090-32GTC 32GB GDDR7 512-bit PCIe 5.0 Desktop Graphics Card,7602.26,2210.28,2026-10-05,0.0,0,,0.0,2210.28
20261005_041726,2026-10-05T04:33:00.049009+00:00,aliexpress,GPU,3256811864451292,NEW Colorful Original iGame NVIDIA GeForce RTX 5080 Ultra W OC 16GB 256-bit GDDR7 GPU for Desktop Gaming Computer Components,9435.0,2743.13,2026-10-05,0.0,0,,0.0,2743.13
20261005_041726,2026-10-05T04:33:00.049009+00:00,aliexpress,GPU,3256810134472916,New Computer Accessories Wholesale AX Gaming RTX5080 16 GB Graphics Card Gaming PC Etc White GPU 16GB Nvidia GeForce RTX 5080,10363.63,3013.12,2026-10-05,0.0,0,,0.0,3013.12
20261005_041726,2026-10-05T04:33:00.049009+00:00,aliexpress,GPU,3256812970289803,2025 New PRIME GeForce RTX 5080 16GB GDDR7 OC Gaming Graphics Card GPU Triple Fans AI Computing Video Cards for Gaming PC,10860.91,3157.7,2026-10-05,0.0,0,,0.0,3157.7
20261005_041726,2026-10-05T04:33:00.049009+00:00,aliexpress,GPU,3256810153474573,GeForce RTX 5080 16G GAMING TRIO  OC WHITE G5090-32GTC 32GB GDDR7 512-bit PCIe 5.0 Desktop Graphics Card,7846.98,2281.43,2026-10-05,5.0,0,,0.0,2281.43
20261005_041726,2026-10-05T04:33:00.049009+00:00,aliexpress,GPU,3256812296490534,GeForce RTX 5080 16G GAMING TRIO  OC WHITE G5090-32GTC 32GB GDDR7 512-bit PCIe 5.0 Desktop Graphics Card,10051.39,2922.34,2026-10-05,0.0,0,,0.0,2922.34
20261005_041726,2026-10-05T04:33:00.049009+00:00,aliexpress,GPU,3256810620674225,2025 New ROG Astral RTX 5080 16GB GDDR7 WHITE OC Gaming Graphics Card GPU RTX 5080 AI Computing Video Cards for Gaming PC,12038.25,3500.0,2026-10-05,0.0,0,,0.0,3500.0
20261005_041726,2026-10-05T04:33:00.049009+00:00,aliexpress,GPU,3256810133674239,2025 New Release ROG Astral GeForce RTX 5080 16GB OC GDDR7 Gaming Graphics Card GPU AI Computing Video Cards for Gaming PC,13415.43,3900.4,2026-10-05,0.0,0,,0.0,3900.4
20261005_041726,2026-10-05T04:33:00.049009+00:00,aliexpress,GPU,3256812797473190,2025  TUF Gaming GeForce RTX 5080 16GB GDDR7 OC Edition PCIE 5.0 GPU 5090 Graphics Card Gaming,15649.72,4550.0,2026-10-05,0.0,0,,0.0,4550.0
20261005_041726,2026-10-05T04:33:00.049009+00:00,aliexpress,GPU,3256812325765355,【CHIMU HOME】Gaming Graphics Card for RTX 5060 5070 5080 5090 Blackwell DLSS 4 GDDR7 PCIe 5.0 Triple Fan SFF Ready Video Card,3180.68,924.75,2026-10-05,0.0,0,,0.0,924.75
20261005_041726,2026-10-05T04:33:00.049009+00:00,aliexpress,GPU,3256812849636429,5060TI graphics card 5060/5070/5080 full,2670.46,776.41,2026-10-05,0.0,0,,0.0,776.41
20261005_041726,2026-10-05T04:33:00.049009+00:00,aliexpress,GPU,3256812802699024,"Acer Predator Helios Neo 16 AI - 16.0"" WQXGA 180 Hz - Intel Core Ultra 9 290HX Plus - GeForce RTX 5080 Laptop GPU - 16GB Memory DDR5 6400 - 1TB NVMe SSD - Windows 11 Home  (NH.U5TAA.001 )",12493.88,3632.47,2026-10-05,0.0,0,,0.0,3632.47
20261005_041726,2026-10-05T04:33:00.049009+00:00,aliexpress,GPU,3256812142742921,"ZS2 Gaming Desktop: R9-7900X, GeForce RTX 5080, 32GB DDR5, 2TB M.2 NVMe SSD, Liquid Cooling, 850W USB Type C, VR-R",9783.45,2844.44,2026-10-05,0.0,0,,0.0,2844.44
20261005_041726,2026-10-05T04:33:00.049009+00:00,aliexpress,GPU,3256808599498498,RTX5080 5070 RTX5070 RTX 5080 GB203-400-A1 GB203-300-A1 GN22-X7-A1 GN22-X9-A1 GN22-X11-A1 BGA3064 Reball Jig Laser Stencil 0.4mm,396.54,115.29,2026-10-05,5.0,0,,0.0,115.29
20261005_041726,2026-10-05T04:33:00.049009+00:00,aliexpress,GPU,3256812445039712,"Msi Vector - 16"" Qhd+ Lcd Geforce Rtx 5080 Laptop Gpu - Intel Core Ultra 9 275Hx - 16Gb Memory - 1 Tb Ssd - Windows 11 Home Gaming Laptop - 240 Hz (Vector 16 Hx Ai A2Xwig-050Us)",9347.01,2717.55,2026-10-05,0.0,0,,0.0,2717.55
20261005_041726,2026-10-05T04:33:00.049009+00:00,aliexpress,GPU,3256804465707451,"Video Card Lighting Panel For RTX 5090 5080 4090,MOD GTX ROG 3060ti 4080 GPU Side ARGB Plate,Gamer Cabinet Faith Lamp AURA SYNC",15.17,4.41,2026-10-05,4.6,0,,0.0,4.41
20261005_041726,2026-10-05T04:33:00.049009+00:00,aliexpress,GPU,3256808556309475,"Bykski Water Block For ASUS PRIME RTX 5080,5070Ti O16G Graphics Card Cooler With Backplate ,N-AS5080PM-X",1036.11,301.24,2026-10-05,5.0,0,,0.0,301.24
20261005_041726,2026-10-05T04:33:00.049009+00:00,aliexpress,GPU,3256812696945203,Fan for Brand New Mechanical Revolution Yaoshi Canglong 16 Ultra Compatible with RTX 5080 and RTX 5090 Heat Dissipation,94.31,27.42,2026-10-05,0.0,0,,0.0,27.42
20261005_041726,2026-10-05T04:33:00.049009+00:00,aliexpress,GPU,3256812219758089,PLD10020S12H 0.65A RTX5090 RTX5080 GPU Fan for Gigabyte GeForce RTX 5090 5080 5070Ti GAMING OC Graphics Cooling Fan,97.58,28.37,2026-10-05,0.0,0,,0.0,28.37
20261005_041726,2026-10-05T04:33:00.049009+00:00,aliexpress,GPU,3256812176552837,Video Cards Fan GPU Graphics Card Cooler RTX5080 For PNY GeForce RTX 5090 5080 5070Ti TRIPLE FAN FD10020U12D,72.54,21.09,2026-10-05,5.0,0,,0.0,21.09
20261005_041726,2026-10-05T04:33:00.049009+00:00,aliexpress,GPU,3256812147330647,i9-14900KF Desktop PC with RTX 5080 5070Ti 5060Ti GPU Water-Cooled AI Design Gaming PC Barebone High-End DIY,26939.13,7832.28,2026-10-05,0.0,0,,0.0,7832.28
20261005_041726,2026-10-05T04:33:00.049009+00:00,aliexpress,GPU,3256808839218233,Barrow GPU Cooler Block For ASUS TUF RTX 5080 5070 Ti O16G GAMING Graphics Card PC Water Cooling Radiator BS-AST5080-PA,526.93,153.2,2026-10-05,3.4,0,,0.0,153.2
20261005_041726,2026-10-05T04:33:00.049009+00:00,aliexpress,GPU,3256812399796399,NEW PLD10020B12H RTX5080 RTX5090 Video Card Cooling Fan For Gigabyte AORUS RTX 5080 5090 MASTER  Cooler Fan,123.62,35.94,2026-10-05,0.0,0,,0.0,35.94
20261005_041726,2026-10-05T04:33:00.049009+00:00,aliexpress,GPU,3256809281023563,Bykski GPU Block for Colorful IGame RTX 5080 Ultra W OC 16GB Graphics Card PC Water Cooling Copper Radiator N-IG5080ULOC-X,705.44,205.1,2026-10-05,0.0,0,,0.0,205.1
20261005_041726,2026-10-05T04:33:00.049009+00:00,aliexpress,GPU,3256812440636476,Barrow GPU Block for ASUS TUF RTX 5080 5070 Ti O16G GAMING Graphics Card Computer Water Cooling Radiator / BS-AST5080-PA,565.59,164.44,2026-10-05,0.0,0,,0.0,164.44
20261005_041726,2026-10-05T04:33:00.049009+00:00,aliexpress,GPU,3256811741413493,White VGA ARGB Lighting Panel for AORUS GEFORCE GTX ROG TUF Gaming 5060 5070ti 5080 5090 RX9070/9060XT Faith Lamp AURA SYNC,38.08,11.07,2026-10-05,4.8,0,,0.0,11.07
20261005_041726,2026-10-05T04:33:00.049009+00:00,aliexpress,GPU,3256810487592016,Alphacool Core GPU Water Block for PNY GeForce RTX 5080 ARGB EPIC-X RGB Overclocked Triple Fan Card Cooler with Backplate,1300.1,377.99,2026-10-05,0.0,0,,0.0,377.99
20261005_041726,2026-10-05T04:33:00.049009+00:00,aliexpress,GPU,3256807353419217,Computer Graphics Card Holder Chassis Fan Support Fixed Metal Bracket 6-96mm Adjustable GPU Holder,10.97,3.19,2026-10-05,4.9,0,https://www.aliexpress.com/ssr/300000512/BundleDeals2?productIds=1005007539733969:12000060831581792&pha_manifest=ssr&_immersiveMode=true&disableNav=YES&sourceName=SEARCHProduct,0.0,3.19
20261005_041726,2026-10-05T04:33:00.049009+00:00,aliexpress,GPU,3256808935125867,SOYO GT730 4GB Half-height Graphics Card GDDR3 GPU 128Bit HDMI compatible PCI-E 3.0 Placa De Video for Desktop Computer,155.36,45.17,2026-10-05,4.9,0,,0.0,45.17
20261005_041726,2026-10-05T04:33:00.049009+00:00,aliexpress,GPU,3256809857587032,ATX PSU 24Pin Transfer Connector RGB Steering Wiring Adapter Belief Pattern 5V ARGB Logo Optional DIY Mounting MOD Parts,3.75,1.09,2026-10-05,4.9,0,,0.0,1.09
20261005_041726,2026-10-05T04:33:00.049009+00:00,aliexpress,GPU,3256809322558890,"JEYI PCIe 5.0 X16 Riser Cable - 90° GPU Extension for RTX 5090/4090 & RX 7900 XTX, Mining Rig, WRX80/TRX40, 15cm/18cm/20cm/30cm",151.72,44.11,2026-10-05,4.9,0,,0.0,44.11
20261005_041726,2026-10-05T04:33:00.049009+00:00,aliexpress,GPU,3256805780657275,MLLSE AMD RX5700 XT 8GB Graphics Card GDDR6 256Bit PCI-E 4.0×16 6+8Pin Radeon GPU Rx 5600XT Gaming Video Card Placa De Video,838.21,243.7,2026-10-05,4.7,0,,0.0,243.7
20261005_041726,2026-10-05T04:33:00.049009+00:00,aliexpress,GPU,3256810429959685,"Graphics Card Holder ARGB Creative Aluminum GPU Bracket, 75-125mm Height Adjustable Support M/B AURA SYNC, Black/Silver GP-Z",48.81,14.19,2026-10-05,4.9,0,,0.0,14.19
20261005_041726,2026-10-05T04:33:00.049009+00:00,aliexpress,GPU,3256811914236259,"Mini SD Card Storage Box with Lid, Camera TF Card Holder, Portable Multi-Slot Dustproof Scratchproof Card Protection Case",3.75,1.09,2026-10-05,5.0,0,,0.0,1.09
20261005_041726,2026-10-05T04:33:00.049009+00:00,aliexpress,GPU,3256811785292606,GTX1050Ti Graphics Card Graphics Card for Desktop Computer Network Accessories 780MHz GTX1050Ti 2G 128Bit DDR5,159.83,46.47,2026-10-05,3.0,0,,0.0,46.47
20261005_041726,2026-10-05T04:33:00.049009+00:00,aliexpress,GPU,3256807958445129,Aluminium Graphics Card Holder Video Card Bracket PC Case DIY Accessories GPU Support Bracket For 12/14cm Fan,8.01,2.33,2026-10-05,4.9,0,https://www.aliexpress.com/ssr/300000512/BundleDeals2?productIds=1005008144759881:12000043981367173&pha_manifest=ssr&_immersiveMode=true&disableNav=YES&sourceName=SEARCHProduct,0.0,2.33
20261005_041726,2026-10-05T04:33:00.049009+00:00,aliexpress,GPU,3256805774419393,Computer Case GPU Side Panel RGB RTX AMD Graphics Card VGA Lightboard Backplate 5V 3Pin ARGB M/B AURA SYNC,18.33,5.33,2026-10-05,4.8,0,https://www.aliexpress.com/ssr/300000512/BundleDeals2?productIds=1005005960734145:12000035108256669&pha_manifest=ssr&_immersiveMode=true&disableNav=YES&sourceName=SEARCHProduct,0.0,5.33
20261005_041726,2026-10-05T04:33:00.049009+00:00,aliexpress,GPU,3256805780564841,MLLSE GTX 750Ti 4GB Graphics Card GDDR5 128Bit DVI VGA PCI-E 3.0 Geforce GPU Gtx 750 8gb Gaming Video Card Placa De Video,274.75,79.88,2026-10-05,4.8,0,,0.0,79.88
20261005_041726,2026-10-05T04:33:00.049009+00:00,aliexpress,GPU,3256810177775241,HD7670 4GB DDR5 128bit Graphics Card with Cooling Fan 2560x1600 Support HD Multimedia Interface DVI VGA Game Graphics Card,147.11,42.77,2026-10-05,4.3,0,,0.0,42.77
20261005_041726,2026-10-05T04:33:00.049009+00:00,aliexpress,GPU,3256808612609162,MLLSE GT730 4GB GT740 4GB Graphics Card GDDR3 128Bit DVI VGA PCI-E 3.0 Geforce GPU Gt 730 Gaming Video Card Placa De Video,132.46,38.51,2026-10-05,4.6,0,,0.0,38.51
20261005_041726,2026-10-05T04:33:00.049009+00:00,aliexpress,GPU,3256805823004047,Graphics Card GPU Backplate Cooling Radiator For RTX 3090 4090 Backplane Memory VRAM Heatsink 2X PWM Fan VGA Backboard Cooler,71.51,20.79,2026-10-05,4.6,0,https://www.aliexpress.com/ssr/300000512/BundleDeals2?productIds=1005006009318799:12000035320025039&pha_manifest=ssr&_immersiveMode=true&disableNav=YES&sourceName=SEARCHProduct,0.0,20.79
20261005_041726,2026-10-05T04:33:00.049009+00:00,aliexpress,GPU,3256811489289402,SOYO RX580 8G Graphics Cards AMD Radeon GDDR5 Memory Video Gaming Card RX 580 for Desktop Computer Components,539.07,156.73,2026-10-05,4.4,0,,0.0,156.73
20261005_041726,2026-10-05T04:33:00.049009+00:00,aliexpress,GPU,3256808337508101,METALFISH PCIe5.0/4.0/3.0 x16 Riser Cable GPU Extension Wire for ITX Chassis Mini Compact Case RTX 5090/4090 & RX 7900 XTX,175.28,50.96,2026-10-05,4.6,0,,0.0,50.96
20261005_041726,2026-10-05T04:33:00.049009+00:00,aliexpress,GPU,3256808455156605,For Lenovo Ideapad G50-80 G40-80 Notebook Mainboard NM-A362 Laptop Motherboard I3 I5 I7 CPU UMA ACLU3/ACLU4 100% Tested Ok,227.18,66.05,2026-10-05,5.0,0,,0.0,66.05
20261005_041726,2026-10-05T04:33:00.049009+00:00,aliexpress,GPU,3256807605330819,TEUCER Graphics Card GPU Holder Adjustable Telescopic Rotary Screw Magnetic Anti-Slip Support Vertical GPU Video Card Bracket,12.49,3.63,2026-10-05,4.9,0,,0.0,3.63
20261005_041726,2026-10-05T04:33:00.049009+00:00,aliexpress,GPU,3256812577441911,For  MSI GeForce RTX 5070 Ti 16G MLG EDITION Graphics Card,5351.76,1555.97,2026-10-05,0.0,0,,0.0,1555.97
20261005_041726,2026-10-05T04:33:00.049009+00:00,aliexpress,GPU,3256802461047529,144pcs/lot BGA Direct Heat graphics card BGA Stencils INTEL/ NVIDIA/ ATI Video chips Bga Reballing Stencil Tample Kit,77.49,22.53,2026-10-05,4.8,0,,0.0,22.53
20261005_041726,2026-10-05T04:33:00.049009+00:00,aliexpress,GPU,3256809039637779,NM-A361 Notebook Motherboard for Lenovo G40-80 G50-80 Mainboard  ACLU3 ACLU4 CPU I3 I5 I7 GPU R5 M330 2GB  216-0867030,235.78,68.55,2026-10-05,5.0,0,,0.0,68.55
20261005_041726,2026-10-05T04:33:00.049009+00:00,aliexpress,GPU,3256806447399303,F​or ASUS GeForce RTX 4080 4090 TUF Video Card Fan Original RTX4080 RTX4090 Replacement Graphics Card GPU Heatsink,474.89,138.07,2026-10-05,0.0,0,,0.0,138.07
20261005_041726,2026-10-05T04:33:00.049009+00:00,aliexpress,GPU,2251832666974126,Acrylic Bracket use for Brace GPU Card Size 280*45*6mm use for Fix Video Card 5050 RGB Light connect AURA 4PIN 5050 RGB Header,29.92,8.7,2026-10-05,0.0,0,,0.0,8.7
20261005_041726,2026-10-05T04:33:00.049009+00:00,aliexpress,GPU,3256809927572664,lotorasia with NVIDIA TITAN V VOLTA 12GB HBM2 VIDEO CARD,1158.87,336.93,2026-10-05,5.0,0,,0.0,336.93
20261005_041726,2026-10-05T04:33:00.049009+00:00,aliexpress,GPU,3256812352345365,For RTX 5070Ti 5080 BGA Stencil For RTX 5070 GB203-400-A1 GB203-300-A1 GN22-X9-A1 BGA3064 Graphics Card GPU Solder Ball,38.73,11.26,2026-10-05,0.0,0,,0.0,11.26
20261005_041726,2026-10-05T04:33:00.049009+00:00,aliexpress,GPU,3256812257605928,TISHRIC GPU Holder with Pcie 5.0/4.0/3.0 16X 1X Riser Cable 20CM Supports Most Graphics Cards and Motherboard RTX 5080/5060/3060,54.03,15.71,2026-10-05,4.3,0,,0.0,15.71
20261005_041726,2026-10-05T04:33:00.049009+00:00,aliexpress,GPU,3256807408525380,Graphics Card Personalized Keycaps Right Shift 2.75U 3D Printed resin rotatable fan Mechanical Keyboard,49.53,14.4,2026-10-05,3.0,0,,0.0,14.4
